,Breakdown,Operating Cash Flow,Cash Flow from Continuing Operating Activities,Net Income from Continuing Operations,Operating Gains Losses,Gain Loss On Sale of Business,Gain Loss On Investment Securities,Earnings Losses from Equity Investments,Depreciation Amortization Depletion,Depreciation & amortization,Deferred Tax,Deferred Income Tax,Other non-cash items,Asset Impairment Charge,Excess Tax Benefit from Stock Based Compensation,Provision for Loan Lease And Other Losses,Change in working capital,Change in Payables And Accrued Expense,Change in Accrued Expense,Change in Loans,Change in Other Current Assets,Change in Other Working Capital,Investing Cash Flow,Cash Flow from Continuing Investing Activities,Proceeds Payment Federal Funds Sold And Securities Purchased Under Agreement To Resell,Proceeds Payment in Interest Bearing Deposits in Bank,Decrease in Interest Bearing Depositsin Bank,Increase in Interest Bearing Depositsin Bank,Net Investment Purchase And Sale,Purchase of Investment,Sale of Investment,Net Proceeds Payment for Loan,Proceeds from Loans,Payment for Loans,Net PPE Purchase And Sale,Net Business Purchase And Sale,Purchase of Business,Sale of Business,Net Other Investing Changes,Financing Cash Flow,Cash Flow from Continuing Financing Activities,Change in Federal Funds And Securities Sold for Repurchase,Net Issuance Payments of Debt,Net Long Term Debt Issuance,Long Term Debt Issuance,Long Term Debt Payments,Net Short Term Debt Issuance,Short Term Debt Issuance,Short Term Debt Payments,Net Common Stock Issuance,Common Stock Issuance,Common Stock Payments,Net Preferred Stock Issuance,Preferred Stock Issuance,Preferred Stock Payments,Cash Dividends Paid,Common Stock Dividend Paid,Preferred Stock Dividend Paid,Net Other Financing Charges,Other Cash Adjustment Inside Change in Cash,End Cash Position,Changes in Cash,Beginning Cash Position,Other Cash Adjustment Outside Change in Cash,Income Tax Paid Supplemental Data,Interest Paid Supplemental Data,Capital Expenditure,Issuance of Capital Stock,Issuance of Debt,Repayment of Debt,Repurchase of Capital Stock,Free Cash Flow
0,ttm,"9,083,000","9,083,000","6,113,000","7,000",-,"7,000",-,"651,000","651,000","351,000","351,000","831,000",-,-,"477,000","653,000","599,000","599,000","1,041,000","-1,420,000","433,000","-13,428,000","-13,428,000","-718,000","46,930,000",-,-,"-18,429,000","-41,005,000","22,576,000","-38,166,000","5,643,000","-43,809,000",-,-,-,-,"-3,045,000","3,384,000","3,384,000","-2,000","29,985,000","29,985,000","38,042,000","-8,057,000",-,"1,700,000",-,"-3,663,000","68,000","-3,731,000","725,000","2,225,000","-1,500,000","-2,692,000","-2,391,000","-301,000",-,-,"7,043,000","-961,000","8,004,000",-,"197,000","2,172,000",-,"2,293,000","38,042,000","-8,057,000","-5,231,000","9,083,000"
1,12/31/2022,"4,046,000","4,046,000","1,548,000","3,000",-,"3,000",-,"64,000","64,000","-50,000","-50,000","248,000",-,-,"408,000","1,825,000","-1,987,000","-1,987,000","79,000","2,727,000","1,006,000","-2,755,000","-2,755,000","187,000","12,958,000",-,-,"-4,321,000","-9,453,000","5,132,000","-10,809,000","290,000","-11,099,000",-,-,-,-,"-770,000","-796,000","-796,000","-1,000","3,969,000","3,969,000","5,685,000","-1,716,000",-,-,-,"-643,000","10,000","-653,000","-1,500,000",0,-,"-732,000","-612,000","-120,000",-,-,"7,043,000","495,000","6,548,000",-,"117,000","1,277,000",-,"10,000","5,685,000","-1,716,000","-2,153,000","4,046,000"
2,9/30/2022,"3,394,000","3,394,000","1,640,000",0,-,0,-,"58,000","58,000","198,000","198,000","168,000",-,-,"241,000","1,089,000","1,095,000","1,095,000","-35,000","-723,000","752,000","-21,690,000","-21,690,000","14,000","-11,874,000",-,-,"-4,047,000","-8,118,000","4,071,000","-4,655,000","4,828,000","-9,483,000",-,-,-,-,"-1,128,000","16,262,000","16,262,000","4,000","19,321,000","19,321,000","19,977,000","-656,000",-,-,-,"-978,000","24,000","-1,002,000","1,235,000","1,235,000",-,"-687,000","-622,000","-65,000",-,-,"6,548,000","-2,034,000","8,582,000",-,"18,000","475,000",-,"1,259,000","19,977,000","-656,000","-1,002,000","3,394,000"
3,6/30/2022,"2,632,000","2,632,000","1,496,000",-,-,-,-,"144,000","144,000","142,000","142,000","370,000",-,-,"36,000","440,000","522,000","522,000","355,000","-136,000","-301,000","-1,690,000","-1,690,000","-441,000","20,372,000",-,-,"-3,718,000","-7,834,000","4,116,000","-16,532,000","257,000","-16,789,000",-,-,-,-,"-1,371,000","68,000","68,000","-21,000","9,974,000","9,974,000","11,620,000","-1,646,000",-,-,-,"-785,000","12,000","-797,000",-,-,-,"-697,000","-626,000","-71,000",-,-,"8,582,000","1,010,000","7,572,000",-,"46,000","335,000",-,"1,002,000","11,620,000","-1,646,000","-797,000","2,632,000"
4,3/31/2022,"-989,000","-989,000","1,429,000",-,-,-,-,"385,000","385,000","61,000","61,000","45,000",-,-,"-208,000","-2,701,000","969,000","969,000","642,000","-3,288,000","-1,024,000","12,707,000","12,707,000","-478,000","25,474,000",-,-,"-6,343,000","-15,600,000","9,257,000","-6,170,000","268,000","-6,438,000",-,-,-,-,"224,000","-12,150,000","-12,150,000","16,000","-3,279,000","-3,279,000","760,000","-4,039,000",-,-,-,"-1,257,000","22,000","-1,279,000",-,-,-,"-576,000","-531,000","-45,000",-,-,"7,572,000","-432,000","8,004,000",-,"16,000","85,000",-,"22,000","760,000","-4,039,000","-1,279,000","-989,000"
5,12/31/2021,"3,494,000","3,494,000","1,306,000","-14,000",-,"-14,000",-,"558,000","558,000","252,000","252,000","-29,000",-,-,"-327,000","1,748,000","412,000","412,000","-90,000","1,143,000","283,000","-9,057,000","-9,057,000","95,000","1,228,000",-,-,"-10,008,000","-27,589,000","17,581,000","1,722,000","2,049,000","-327,000",-,0,0,-,"-2,094,000","4,724,000","4,724,000","-137,000","-2,275,000","-2,275,000","151,000","-2,426,000",-,-,-,"-630,000","8,000","-638,000","-1,000","-1,000",-,"-604,000","-533,000","-71,000",-,-,"8,004,000","-839,000","8,843,000",-,"273,000","187,000",-,"7,000","151,000","-2,426,000","-638,000","3,494,000"
6,9/30/2021,"1,525,000","1,525,000","1,490,000","-15,000",-,"-15,000",-,"421,000","421,000","-239,000","-239,000","-32,000",-,-,"-203,000","103,000","1,123,000","1,123,000","49,000","-681,000","-388,000","3,312,000","3,312,000","-44,000","-3,031,000",-,-,"2,520,000","-13,539,000","16,059,000","4,387,000","14,399,000","-10,012,000",-,0,0,-,"-520,000","-4,718,000","-4,718,000","16,000","-1,237,000","-1,237,000","964,000","-2,201,000","67,000","268,000","-201,000","-352,000","22,000","-374,000",-,-,-,"-595,000","-538,000","-57,000",-,-,"8,843,000","119,000","8,724,000",-,"18,000","59,000",-,"1,507,000","964,000","-2,201,000","-374,000","1,525,000"
7,6/30/2021,"1,415,000","1,415,000","1,103,000",-,-,-,-,"419,000","419,000","303,000","303,000","-79,000",-,-,"302,000","-598,000","-1,027,000","-1,027,000","-97,000","314,000","212,000","9,022,000","9,022,000","61,000","27,027,000",-,-,"-11,664,000","-22,340,000","10,676,000","4,788,000","-4,438,000","9,226,000",-,-,-,-,"-679,000","-9,168,000","-9,168,000","78,000","-941,000","-941,000","1,087,000","-2,028,000",-,-,-,"8,000","9,000","-1,000",-,-,-,"-540,000","-492,000","-48,000",-,-,"8,724,000","1,269,000","7,455,000",-,"369,000","148,000",-,"9,000","1,087,000","-2,028,000","-1,000","1,415,000"
8,3/31/2021,"780,000","780,000","1,826,000",-,-,-,-,"375,000","375,000","-138,000","-138,000","-54,000",-,-,"-551,000","-678,000","245,000","245,000","-342,000","-1,145,000","564,000","-6,072,000","-6,072,000","-136,000","-988,000",-,-,"-9,280,000","-22,115,000","12,835,000","4,671,000","5,449,000","-778,000",-,-,-,-,"-339,000","5,730,000","5,730,000","-3,000","-3,492,000","-3,492,000","356,000","-3,848,000",-,-,-,"-39,000","27,000","-66,000",-,-,-,"-550,000","-493,000","-57,000",-,-,"7,455,000","438,000","7,017,000",-,"15,000","188,000",-,"27,000","356,000","-3,848,000","-66,000","780,000"
9,12/31/2020,"1,935,000","1,935,000","1,456,000","-51,000",0,"-51,000",0,"553,000","553,000","266,000","266,000","67,000",-,-,"-254,000","-102,000","-1,298,000","-1,298,000","161,000","1,210,000","-175,000","-6,743,000","-6,743,000","45,000","-14,214,000",-,-,"1,280,000","-11,118,000","12,398,000","7,094,000","529,000","6,565,000",-,0,-,0,"-948,000","5,196,000","5,196,000","9,000","-4,546,000","-4,546,000","14,000","-4,560,000",0,-,0,"-9,000","11,000","-20,000",0,-,0,"-540,000","-492,000","-48,000",-,-,"7,017,000","388,000","6,629,000",-,"648,000","221,000",-,"11,000","14,000","-4,560,000","-20,000","1,935,000"
10,9/30/2020,"393,000","393,000","1,532,000","-32,000",0,"-32,000",0,"232,000","232,000","-4,000","-4,000","86,000",-,-,"52,000","-1,473,000","-2,117,000","-2,117,000","-363,000","-391,000","1,398,000","-3,142,000","-3,142,000","1,233,000","-20,726,000",-,"-20,726,000","7,557,000","-2,654,000","10,211,000","8,904,000","768,000","8,136,000",-,0,-,0,"-110,000","3,040,000","3,040,000","18,000","-4,945,000","1,355,000","-1,034,000","2,389,000",-,-,-,"-61,000","20,000","-81,000",-,-,-,"-557,000","-494,000","-63,000",-,-,"6,629,000","291,000","6,338,000",-,"2,234,000","158,000",-,"20,000","-1,034,000","-3,911,000","-561,000","393,000"
11,6/30/2020,"3,027,000","3,027,000","3,655,000","-6,080,000",-,-,"-118,000","384,000","384,000","-2,275,000","-2,275,000","720,000",-,-,"2,463,000","4,160,000","-2,215,000","-2,215,000","282,000","5,345,000","748,000","-17,858,000","-17,858,000","-505,000","-30,247,000",-,-,"-7,332,000","-19,744,000","12,412,000","6,082,000","283,000","5,799,000",-,-,-,-,"-81,000","13,676,000","13,676,000","-8,194,000","-18,359,000","-18,359,000","575,000","-18,934,000",-,-,-,"10,000","11,000","-1,000",-,-,-,"-546,000","-491,000","-55,000",-,-,"6,338,000","-1,155,000","7,493,000",-,"492,000","275,000",-,"11,000","575,000","-18,934,000","-1,000","3,027,000"
12,3/31/2020,"-696,000","-696,000","915,000","-56,000",-,-,"-56,000","328,000","328,000","-226,000","-226,000","-189,000",-,-,"914,000","-2,382,000","5,376,000","5,376,000","-452,000","-6,292,000","-1,014,000","-23,379,000","-23,379,000","965,000","3,427,000",-,-,"-2,102,000","-11,893,000","9,791,000","-25,544,000","314,000","-25,858,000",-,-,-,-,"-125,000","26,507,000","26,507,000","2,306,000","9,580,000","9,580,000","13,762,000","-4,182,000","1,044,000","1,216,000","-172,000","-1,499,000","23,000","-1,522,000",-,-,-,"-566,000","-503,000","-63,000",-,-,"7,493,000","2,432,000","5,061,000",-,"36,000","638,000",-,"23,000","13,762,000","-4,182,000","-1,522,000","-696,000"
13,12/31/2019,"3,115,000","3,115,000","1,381,000","-175,000",-,-,"-175,000","411,000","411,000","220,000","220,000","-50,000",-,-,"221,000","1,107,000","-699,000","-699,000","759,000","1,228,000","-181,000","-4,265,000","-4,265,000","1,707,000","-4,377,000",-,-,"1,149,000","-6,572,000","7,721,000","-2,687,000","427,000","-3,114,000",-,-,-,-,"-132,000","540,000","540,000","2,326,000","-3,196,000","-3,196,000","6,433,000","-9,629,000","-427,000","279,000","-706,000","-935,000","17,000","-952,000",-,-,-,"-564,000","-509,000","-55,000",-,-,"5,061,000","-610,000","5,671,000",-,"109,000","827,000",-,"17,000","6,433,000","-9,629,000","-952,000","3,115,000"
14,9/30/2019,"604,000","604,000","1,392,000","-136,000",-,-,"-136,000","325,000","325,000","-23,000","-23,000","-79,000",-,-,"183,000","-1,058,000","19,000","19,000","-766,000","413,000","-724,000","-3,242,000","-3,242,000","-1,346,000","-674,000",-,-,"-896,000","-7,485,000","6,589,000","-255,000","717,000","-972,000",-,-,-,-,"-71,000","2,893,000","2,893,000","388,000","-8,219,000","-8,219,000","-2,825,000","-5,394,000","14,000","81,000","-67,000","-980,000","33,000","-1,013,000",-,-,-,"-581,000","-518,000","-63,000",-,-,"5,671,000","255,000","5,416,000",-,"104,000","1,010,000",-,"33,000","-2,825,000","-5,394,000","-1,013,000","604,000"
15,6/30/2019,"2,243,000","2,243,000","1,374,000","-109,000",-,-,"-109,000","307,000","307,000","-5,000","-5,000","-128,000",-,-,"180,000","624,000","-984,000","-984,000","-436,000","937,000","1,107,000","-11,460,000","-11,460,000","-272,000","-3,101,000",-,-,"-2,235,000","-7,549,000","5,314,000","-5,137,000","214,000","-5,351,000",-,-,-,-,"-715,000","9,571,000","9,571,000","-686,000","9,390,000","9,390,000","16,290,000","-6,900,000","-476,000","124,000","-600,000","-769,000","18,000","-787,000",-,-,-,"-487,000","-432,000","-55,000",-,-,"5,416,000","354,000","5,062,000",-,"187,000","998,000",-,"18,000","16,290,000","-6,900,000","-787,000","2,243,000"
16,3/31/2019,"1,401,000","1,401,000","1,271,000","-111,000",-,-,"-111,000","272,000","272,000","111,000","111,000","-84,000",-,-,"189,000","-247,000","1,796,000","1,796,000","320,000","-2,721,000","358,000","-6,023,000","-6,023,000","4,810,000","-4,368,000",-,-,"-431,000","-3,884,000","3,453,000","-6,247,000","306,000","-6,553,000",-,-,-,-,"213,000","4,076,000","4,076,000","2,232,000","-252,000","-252,000","7,794,000","-8,046,000","351,000","647,000","-296,000","-804,000","22,000","-826,000",-,-,-,"-499,000","-436,000","-63,000",-,-,"5,062,000","-546,000","5,608,000",-,"30,000","907,000",-,"22,000","7,794,000","-8,046,000","-826,000","1,401,000"
17,12/31/2018,"2,137,000","2,137,000","1,351,000","-104,000",-,-,"-104,000","290,000","290,000","249,000","249,000","33,000",-,-,"148,000","170,000","-1,900,000","-1,900,000","725,000","2,531,000","-1,186,000","-2,315,000","-2,315,000","-6,150,000","8,907,000",-,-,"-1,021,000","-6,081,000","5,060,000","-3,332,000","143,000","-3,475,000",-,-,-,-,"-719,000","538,000","538,000","-645,000","-425,000","-425,000","4,620,000","-5,045,000",0,"129,000",0,"-724,000","8,000","-732,000",-,-,-,"-497,000","-442,000","-55,000",-,-,"5,608,000","360,000","5,248,000",-,"48,000","954,000",-,"8,000","4,620,000","-5,045,000","-732,000","2,137,000"
18,9/30/2018,"1,164,000","1,164,000","1,400,000","-153,000",-,-,"-153,000","272,000","272,000","-283,000","-283,000","-45,000",-,-,"88,000","-115,000","632,000","632,000","-412,000","-467,000","132,000","805,000","805,000","-121,000","2,172,000",-,-,"-909,000","-4,268,000","3,359,000","-360,000","419,000","-779,000",-,-,-,-,"23,000","-2,146,000","-2,146,000","526,000","-1,738,000","-1,738,000","4,387,000","-6,125,000",0,"35,000",0,"-483,000","21,000","-504,000",-,-,-,"-509,000","-446,000","-63,000",-,-,"5,248,000","-177,000","5,425,000",-,"222,000","699,000",-,"21,000","4,387,000","-6,125,000","-504,000","1,164,000"
19,6/30/2018,"1,617,000","1,617,000","1,356,000","-135,000",-,-,"-135,000","287,000","287,000","86,000","86,000","-60,000",-,-,"80,000","3,000","853,000","853,000","-353,000","-482,000","-15,000","-1,209,000","-1,209,000","337,000","6,849,000",-,-,"-6,037,000","-9,872,000","3,835,000","-1,654,000","282,000","-1,936,000",-,-,-,-,"-704,000","368,000","368,000","424,000","890,000","890,000","4,880,000","-3,990,000",0,"133,000",0,"-794,000","7,000","-801,000",-,-,-,"-410,000","-355,000","-55,000",-,-,"5,425,000","776,000","4,649,000",-,"95,000","681,000",-,"7,000","4,880,000","-3,990,000","-801,000","1,617,000"
20,3/31/2018,"2,922,000","2,922,000","1,239,000","-133,000",-,-,"-133,000","280,000","280,000","81,000","81,000","104,000",-,-,"92,000","1,259,000","710,000","710,000","1,675,000","-1,302,000","176,000","-1,250,000","-1,250,000","97,000","-226,000",-,-,"519,000","-6,567,000","7,086,000","-1,356,000","479,000","-1,835,000",-,-,-,-,"-284,000","-2,272,000","-2,272,000","87,000","-660,000","-560,000","2,114,000","-2,674,000","-100,000","123,000","-100,000","-807,000","33,000","-840,000",-,-,-,"-421,000","-358,000","-63,000",-,-,"4,649,000","-600,000","5,249,000",-,"7,000","501,000",-,"33,000","2,114,000","-2,774,000","-840,000","2,922,000"
21,12/31/2017,"873,000","873,000","2,091,000","-412,000",-,-,"-412,000","258,000","258,000","-550,000","-550,000","483,000",-,-,"125,000","-1,122,000","-709,000","-709,000","-1,185,000","719,000","53,000","-5,400,000","-5,400,000","152,000","-3,882,000",-,-,"-1,690,000","-6,436,000","4,746,000","480,000","508,000","-28,000",-,"-19,000","-19,000",-,"-441,000","5,040,000","5,040,000","-115,000","1,732,000","1,632,000","3,533,000","-1,901,000","-170,000","-120,000","-50,000","-482,000","38,000","-520,000",-,-,-,"-417,000","-362,000","-55,000",0,-,"5,249,000","513,000","4,736,000",-,"19,000","542,000",-,"38,000","3,633,000","-1,901,000","-520,000","873,000"
22,9/30/2017,"2,542,000","2,542,000","1,126,000","-117,000",-,-,"-117,000","291,000","291,000","67,000","67,000","54,000",-,-,"130,000","991,000","369,000","369,000","-413,000","-293,000","1,328,000","-4,782,000","-4,782,000","-44,000","-2,231,000",-,-,"1,069,000","-3,352,000","4,421,000","-3,184,000","717,000","-3,901,000",-,0,0,-,"-392,000","1,937,000","1,937,000","-473,000","1,724,000","1,724,000","4,705,000","-2,981,000","279,000","459,000","-180,000","-527,000","26,000","-553,000",-,-,-,"-427,000","-364,000","-63,000",0,-,"4,736,000","-303,000","5,039,000",-,"23,000","408,000",-,"26,000","4,705,000","-2,981,000","-553,000","2,542,000"
23,6/30/2017,"675,000","675,000","1,097,000","-98,000",-,-,"-98,000","289,000","289,000","59,000","59,000","-71,000",-,-,"98,000","-699,000","520,000","520,000","-615,000","67,000","-671,000","806,000","806,000","321,000","5,395,000",-,-,"1,164,000","-2,502,000","3,666,000","-4,421,000","438,000","-4,859,000",-,-,-,-,"-330,000","-1,445,000","-1,445,000","432,000","682,000","682,000","3,569,000","-2,887,000","-243,000","-174,000","-69,000","-678,000","8,000","-686,000",-,-,-,"-324,000","-269,000","-55,000",0,-,"5,039,000","36,000","5,003,000",-,"22,000","446,000",-,"8,000","3,569,000","-2,887,000","-686,000","675,000"
24,3/31/2017,"1,609,000","1,609,000","1,074,000","-100,000",-,-,"-100,000","279,000","279,000","21,000","21,000","-116,000",-,-,"88,000","363,000","-884,000","-884,000","1,065,000","587,000","-405,000","-5,639,000","-5,639,000","-674,000","-2,166,000",-,-,"-424,000","-6,920,000","6,496,000","-2,198,000","338,000","-2,536,000",-,-,-,-,"-177,000","4,154,000","4,154,000","8,000","2,522,000","2,522,000","7,141,000","-4,619,000","802,000","821,000","-19,000","-628,000","60,000","-688,000",-,-,-,"-334,000","-271,000","-63,000","-1,000,000",-,"5,003,000","124,000","4,879,000",-,"8,000","347,000",-,"60,000","7,141,000","-4,619,000","-688,000","1,609,000"
25,12/31/2016,"1,340,000","1,340,000","1,047,000","-85,000",-,-,"-105,000","276,000","276,000","497,000","497,000","511,000",-,-,"67,000","-973,000","-1,545,000","-1,545,000","-445,000","1,155,000","-138,000","162,000","162,000","-525,000","1,348,000",-,-,"633,000","-4,880,000","5,513,000","-501,000","359,000","-860,000",-,-,-,-,"-793,000","-1,154,000","-1,154,000","560,000","1,245,000","1,245,000","3,040,000","-1,795,000",0,"309,000",0,"-415,000","88,000","-503,000",-,-,-,"-311,000","-270,000","-41,000",-,-,"4,879,000","348,000","4,531,000",-,"197,000","337,000",-,"607,000","3,040,000","-1,795,000","-503,000","1,340,000"
26,9/30/2016,"1,534,000","1,534,000","1,006,000","-115,000",-,"-7,000","-108,000","356,000","356,000","-103,000","-103,000","-158,000",-,-,"87,000","461,000","18,000","18,000","238,000","369,000","-164,000","-7,515,000","-7,515,000","758,000","-309,000",-,-,"-6,168,000","-10,151,000","3,983,000","-1,588,000","663,000","-2,251,000",-,-,-,-,"-208,000","6,316,000","6,316,000","-385,000","-2,589,000","-2,589,000","447,000","-3,036,000",0,"-529,000",0,"-471,000","34,000","-505,000",-,-,-,"-338,000","-275,000","-63,000",-,-,"4,531,000","335,000","4,196,000",-,"177,000","316,000",-,"34,000","447,000","-3,036,000","-505,000","1,534,000"
27,6/30/2016,"485,000","485,000","989,000","-173,000",-,"-4,000","-87,000","291,000","291,000","-19,000","-19,000","-107,000",-,-,"127,000","-623,000","1,095,000","1,095,000","-779,000","-1,020,000","81,000","819,000","819,000","-353,000","2,729,000",-,-,"279,000","-4,641,000","4,920,000","-1,766,000","504,000","-2,270,000",-,-,-,-,"-70,000","-969,000","-969,000","-875,000","1,227,000","1,228,000","2,328,000","-1,100,000","-1,000","449,000","-1,000","-492,000","11,000","-503,000",-,-,-,"-297,000","-256,000","-41,000",-,-,"4,196,000","335,000","3,861,000",-,"265,000","319,000",-,"11,000","2,328,000","-1,101,000","-503,000","485,000"
28,3/31/2016,"276,000","276,000","943,000","-114,000",-,"-9,000","-61,000","270,000","270,000","-49,000","-49,000","-146,000",-,-,"152,000","-780,000","1,084,000","1,084,000","51,000","-969,000","-946,000","-908,000","-908,000","246,000","1,067,000",-,-,"-818,000","-4,128,000","3,310,000","-1,522,000","371,000","-1,893,000",-,-,-,-,"119,000","428,000","428,000","718,000","-1,197,000","-1,184,000","1,223,000","-2,407,000","-13,000","208,000","-13,000","-533,000","18,000","-551,000",-,-,-,"-324,000","-260,000","-64,000",-,-,"3,861,000","-204,000","4,065,000",-,"19,000","345,000",-,"18,000","1,223,000","-2,420,000","-551,000","276,000"
29,12/31/2015,"1,896,000","1,896,000","1,022,000","-164,000",-,"-2,000","-115,000","286,000","286,000","276,000","276,000","-11,000",-,"4,000","74,000","409,000","-4,068,000","-4,068,000","479,000","3,960,000","38,000","-2,726,000","-2,726,000","164,000","3,678,000",-,-,"-4,202,000","-9,982,000","5,780,000","-2,227,000","427,000","-2,654,000",-,-,-,-,"-139,000","1,060,000","1,060,000","-300,000","-1,611,000","-500,000","1,640,000","-2,140,000","-1,111,000",0,"-1,111,000","-545,000","9,000","-554,000",0,-,0,"-300,000","-259,000","-41,000","-4,000",-,"4,065,000","230,000","3,835,000",-,"392,000","241,000",-,"9,000","1,640,000","-3,251,000","-554,000","1,896,000"
30,9/30/2015,"1,971,000","1,971,000","1,073,000","-130,000",-,"9,000","-96,000","272,000","272,000","19,000","19,000","-113,000",-,"-6,000","81,000","775,000","2,466,000","2,466,000","305,000","-2,183,000","187,000","-5,051,000","-5,051,000","436,000","-255,000",-,-,"-5,020,000","-8,526,000","3,506,000","-39,000","655,000","-694,000",-,-,-,-,"-173,000","2,503,000","2,503,000","-113,000","-1,775,000","56,000","1,105,000","-1,049,000","-1,831,000","159,000","-1,990,000","-557,000","21,000","-578,000",0,-,0,"-326,000","-263,000","-63,000","6,000",-,"3,835,000","-577,000","4,412,000",-,"336,000","261,000",-,"21,000","1,264,000","-3,039,000","-578,000","1,971,000"
31,6/30/2015,"1,387,000","1,387,000","1,044,000","-188,000",-,"-8,000","-100,000","278,000","278,000","69,000","69,000","-78,000",-,"-9,000","46,000","225,000","-1,230,000","-1,230,000","-123,000","1,371,000","207,000","-4,597,000","-4,597,000","-78,000","-2,771,000",-,-,"-1,231,000","-4,585,000","3,354,000","-388,000","569,000","-957,000",-,-,-,-,"-129,000","3,471,000","3,471,000","-12,000","1,597,000","3,040,000","3,859,000","-819,000","-1,443,000","22,000","-1,465,000","-508,000","49,000","-557,000",-,-,-,"-312,000","-265,000","-47,000","9,000",-,"4,412,000","261,000","4,151,000",-,"163,000","252,000",-,"49,000","3,881,000","-2,284,000","-1,057,000","1,387,000"
32,3/31/2015,"242,000","242,000","1,004,000","-137,000",-,"-42,000","-96,000","252,000","252,000","40,000","40,000","-194,000",-,"-18,000","54,000","-759,000","1,044,000","1,044,000","-268,000","-1,306,000","-229,000","-3,886,000","-3,886,000","-41,000","581,000",-,-,"-4,135,000","-8,170,000","4,035,000","-26,000","389,000","-415,000",-,-,-,-,"-265,000","3,435,000","3,435,000","-1,308,000","1,155,000","1,751,000","4,660,000","-2,909,000","-596,000","1,213,000","-1,809,000","-403,000","60,000","-463,000",-,-,-,"-319,000","-251,000","-68,000","18,000",-,"4,151,000","-209,000","4,360,000",-,"28,000","251,000",-,"60,000","5,873,000","-4,718,000","-463,000","242,000"
33,12/31/2014,"977,000","977,000","1,057,000","-136,000",-,0,"-107,000","264,000","264,000","205,000","205,000","-269,000",-,"-5,000","52,000","-191,000","-163,000","-163,000","-185,000","28,000","129,000","-10,346,000","-10,346,000","-91,000","-5,531,000",-,-,"-659,000","-3,432,000","2,773,000","-4,143,000","1,004,000","-5,147,000",-,-,-,-,"140,000","9,565,000","9,565,000","11,000","4,418,000","4,232,000","7,255,000","-3,023,000","186,000","2,328,000","-2,142,000","-494,000","49,000","-543,000",-,-,-,"-299,000","-252,000","-47,000","5,000",-,"4,360,000","196,000","4,164,000",-,"413,000","236,000",-,"49,000","9,583,000","-5,165,000","-543,000","977,000"
34,9/30/2014,"1,110,000","1,110,000","1,038,000","-197,000",-,0,"-141,000","248,000","248,000","-54,000","-54,000","-102,000",-,"13,000","55,000","109,000","-49,000","-49,000","-121,000","490,000","-211,000","-8,265,000","-8,265,000","-237,000","-9,371,000",-,-,"1,327,000","-1,449,000","2,776,000","27,000","571,000","-544,000",-,-,-,-,"-11,000","6,427,000","6,427,000","367,000","2,981,000","3,171,000","4,225,000","-1,054,000","-190,000","2,205,000","-2,395,000","-318,000","24,000","-342,000",-,-,-,"-327,000","-257,000","-70,000","-13,000",-,"4,164,000","-728,000","4,892,000",-,-,-,-,"24,000","6,430,000","-3,449,000","-342,000","1,110,000"
35,6/30/2014,"1,550,000","1,550,000","1,052,000","-139,000",-,"6,000","-92,000","240,000","240,000","87,000","87,000","-122,000",-,"-20,000","72,000","380,000","25,000","25,000","-87,000","219,000","223,000","-3,297,000","-3,297,000","-383,000","-2,000,000",-,-,"2,346,000","-1,918,000","4,264,000","-3,074,000","598,000","-3,672,000",-,-,-,-,"-186,000","1,916,000","1,916,000","-101,000","2,286,000","2,210,000","6,465,000","-4,255,000","76,000","1,131,000","-1,055,000","-197,000","53,000","-250,000",-,-,-,"-303,000","-256,000","-47,000","20,000",-,"4,892,000","169,000","4,723,000",-,-,-,-,"53,000","7,596,000","-5,310,000","-250,000","1,550,000"
36,3/31/2014,"1,920,000","1,920,000","1,060,000","-171,000",-,"-10,000","-101,000","236,000","236,000","17,000","17,000","-29,000",-,"-16,000","94,000","729,000","356,000","356,000","-12,000","-231,000","616,000","-2,985,000","-2,985,000","842,000","-2,741,000",-,-,"1,831,000","-1,690,000","3,521,000","-2,837,000","697,000","-3,534,000",-,-,-,-,"-80,000","1,745,000","1,745,000","-1,055,000","1,562,000","1,636,000","5,452,000","-3,816,000","-74,000","3,133,000","-3,207,000","85,000","126,000","-41,000",-,-,-,"-303,000","-235,000","-68,000","16,000",-,"4,723,000","680,000","4,043,000",-,"20,000","205,000",-,"126,000","8,585,000","-7,023,000","-41,000","1,920,000"
37,12/31/2013,"-341,000","-341,000","1,061,000","-114,000",-,"-3,000","-111,000","263,000","263,000","209,000","209,000","-95,000",-,0,"113,000","-1,778,000","-1,391,000","-1,391,000","-212,000","1,263,000","-1,438,000","-11,106,000","-11,106,000","-1,076,000","-4,087,000",-,-,"-2,738,000","-6,084,000","3,346,000","-2,952,000","897,000","-3,849,000",-,-,-,-,"-253,000","10,582,000","10,582,000","1,125,000","4,830,000","6,827,000","9,825,000","-2,998,000","-1,997,000","6,056,000","-8,053,000","48,000","49,000","-1,000",0,0,0,"-283,000","-234,000","-49,000",0,-,"4,043,000","-865,000","4,908,000",-,"6,000","193,000",-,"49,000","15,881,000","-11,051,000","-1,000","-341,000"
38,9/30/2013,"4,100,000","4,100,000","1,039,000","-193,000",-,"-21,000","-89,000","300,000","300,000","194,000","194,000","1,000",-,"-5,000","137,000","2,627,000","-1,317,000","-1,317,000","873,000","2,551,000","520,000","-7,186,000","-7,186,000","701,000","-4,251,000",-,-,"-667,000","-7,209,000","6,542,000","-3,045,000","774,000","-3,819,000",-,-,-,-,"76,000","3,943,000","3,943,000","-1,138,000","1,556,000","962,000","5,015,000","-4,053,000","594,000","3,465,000","-2,871,000","64,000","64,000",0,0,0,0,"-303,000","-233,000","-70,000","5,000",-,"4,908,000","857,000","4,051,000",-,"14,000","258,000",-,"64,000","8,480,000","-6,924,000",0,"4,100,000"
39,6/30/2013,"780,000","780,000","1,123,000","-240,000",-,"-61,000","-100,000","300,000","300,000","538,000","538,000","-20,000",-,-,"157,000","-1,060,000","-441,000","-441,000","-824,000","-146,000","351,000","-4,023,000","-4,023,000","-342,000","-2,256,000",-,-,"1,626,000","-4,053,000","5,679,000","-3,224,000","537,000","-3,761,000",-,-,-,-,"173,000","3,346,000","3,346,000","304,000","2,178,000","2,731,000","6,660,000","-3,929,000","-553,000","702,000","-1,255,000","101,000","102,000","-1,000",-,-,-,"-285,000","-234,000","-51,000","18,000",-,"4,051,000","103,000","3,948,000",-,"182,000","207,000",-,"598,000","7,362,000","-5,184,000","-151,000","780,000"
40,3/31/2013,"1,016,000","1,016,000","1,004,000","-77,000",-,"-14,000","-73,000","283,000","283,000","266,000","266,000","-50,000",-,-,"236,000","-646,000","-852,000","-852,000","69,000","25,000","112,000","3,380,000","3,380,000","187,000","2,443,000",-,-,"1,602,000","-2,956,000","4,558,000","-985,000","351,000","-1,336,000",-,-,-,-,"133,000","-5,668,000","-5,668,000","674,000","-4,196,000","-2,696,000","1,775,000","-4,471,000","-1,500,000","2,372,000","-3,872,000","7,000","29,000","-22,000",-,-,-,"-277,000","-210,000","-67,000","-375,000",-,"3,948,000","-1,272,000","5,220,000",-,"32,000","233,000",-,"29,000","4,147,000","-8,343,000","-22,000","1,016,000"
41,12/31/2012,"1,201,000","1,201,000","719,000","-146,000",-,"-45,000","-82,000","298,000","298,000","90,000","90,000","-506,000","-51,000",-,"318,000","462,000","-1,263,000","-1,263,000","-1,127,000","1,238,000","1,614,000","-5,628,000","-5,628,000","258,000","-1,663,000",-,-,"907,000","-3,291,000","4,198,000","-4,361,000","10,300,000","-14,661,000",-,"-836,000",-,-,"67,000","5,363,000","5,363,000","-549,000","-1,599,000","289,000","14,280,000","-13,991,000","-1,888,000","2,885,000","-4,773,000","-45,000","11,000","-56,000","529,000","529,000",-,"-264,000","-212,000","-52,000","-517,000",-,"5,220,000","936,000","4,284,000",-,"-10,000","265,000",-,"540,000","17,165,000","-18,764,000","-56,000","1,201,000"
42,9/30/2012,"1,812,000","1,812,000","925,000","-265,000",-,"-40,000","-88,000","307,000","307,000","68,000","68,000","301,000","24,000","-2,000","228,000","226,000","555,000","555,000","523,000","-588,000",-,"-392,000","-392,000","-79,000","1,674,000",-,-,"-49,000","-5,148,000","5,099,000","-2,050,000","-1,254,000","-796,000",-,0,-,-,"112,000","-1,272,000","-1,272,000","-289,000","-404,000","-2,756,000","-15,935,000","13,179,000","2,352,000",-,-,"-74,000","35,000","-109,000","438,000","438,000",-,"-274,000","-212,000","-62,000","2,000",-,"4,284,000","148,000","4,136,000",-,"18,000","310,000",-,"473,000","2,422,000","892,000","-109,000","1,812,000"
43,6/30/2012,"1,050,000","1,050,000","546,000","-126,000",-,"-62,000","-64,000","285,000","285,000","231,000","231,000","247,000","34,000","-3,000","256,000","-420,000","66,000","66,000","-1,014,000","528,000",-,"-4,133,000","-4,133,000","-277,000","-1,911,000",-,-,"2,852,000","-3,256,000","6,108,000","-4,762,000","-4,478,000","-284,000",-,"35,000",-,-,"-70,000","3,057,000","3,057,000","-664,000","1,652,000","-971,000","8,328,000","-9,299,000","2,623,000",-,-,"16,000","42,000","-26,000",-,-,-,"-236,000","-211,000","-25,000","3,000",-,"4,136,000","-26,000","4,162,000",-,"20,000","295,000",-,"1,524,000","8,328,000","-9,299,000","-26,000","1,050,000"
44,3/31/2012,"2,764,000","2,764,000","811,000","-125,000",-,"-57,000","-68,000","269,000","269,000","181,000","181,000","-55,000","38,000","-12,000","185,000","1,472,000","-55,000","-55,000","493,000","1,034,000",-,"-7,108,000","-7,108,000","830,000","-626,000",-,-,"-626,000","-6,948,000","6,322,000","-3,345,000","-2,957,000","-388,000",-,"-3,329,000",-,-,"-12,000","4,401,000","4,401,000","1,500,000","2,957,000","1,862,000","10,426,000","-8,564,000","1,095,000",-,-,"45,000","70,000","-25,000",-,-,-,"-223,000","-185,000","-38,000","12,000",-,"4,162,000","57,000","4,105,000",-,"11,000","338,000",-,"70,000","10,426,000","-8,564,000","-25,000","2,764,000"
45,12/31/2011,"1,450,000","1,450,000","493,000","44,000",-,"-62,000","-46,000","290,000","290,000","680,000","680,000",-,"44,000",-,"190,000","-9,000","-180,000","-180,000","-525,000","735,000","-39,000","-2,823,000","-2,823,000","-405,000","1,603,000",-,-,"976,000","-5,082,000","6,058,000","-5,050,000","6,081,000","-11,131,000",-,"169,000",-,"169,000","-116,000","1,496,000","1,496,000","-119,000","1,774,000","983,000","5,438,000","-4,455,000",-,-,-,"30,000","37,000","-7,000",0,0,-,"-207,000","-183,000","-24,000",-,-,"4,105,000","123,000","3,982,000",-,"-24,000","352,000",-,"37,000","5,438,000","-3,664,000","-7,000","1,450,000"
46,9/30/2011,"880,000","880,000","834,000","-152,000",-,"-68,000","-84,000","281,000","281,000","287,000","287,000",-,"35,000",-,"261,000","-395,000","2,927,000","2,927,000","191,000","-3,882,000",-,"-6,957,000","-6,957,000","552,000","1,735,000",-,-,"-4,660,000","-9,023,000","4,363,000","-4,727,000","-3,945,000","-782,000",-,0,-,0,"143,000","6,194,000","6,194,000","-705,000","308,000","706,000","3,197,000","-2,491,000","-398,000",-,"-398,000","-3,000","11,000","-14,000","988,000",-,-,"-189,000","-185,000","-4,000",-,-,"3,982,000","117,000","3,865,000",-,"142,000","346,000",-,"999,000","3,197,000","-2,889,000","-14,000","880,000"
47,6/30/2011,"2,978,000","2,978,000","912,000","-159,000",-,"-82,000","-77,000","290,000","290,000","-173,000","-173,000","234,000","39,000",-,"280,000","1,555,000","994,000","994,000","245,000","316,000",-,"-1,882,000","-1,882,000","-116,000","-3,148,000","-3,148,000",-,"3,137,000","-5,794,000","8,931,000","-1,709,000","-1,414,000","-295,000",-,-,-,-,"-307,000","-620,000","-620,000","-264,000","274,000","-694,000","2,433,000","-3,127,000","968,000",-,"968,000","-9,000","10,000","-19,000",0,-,-,"-208,000","-184,000","-24,000",-,-,"3,865,000","476,000","3,389,000",-,"433,000","374,000",-,"10,000","2,433,000","-2,159,000","-19,000","2,978,000"
48,3/31/2011,"727,000","727,000","832,000","-92,000",-,"-37,000","-55,000","279,000","279,000","46,000","46,000","37,000","34,000",-,"421,000","-830,000","-411,000","-411,000","166,000","-585,000",-,"5,113,000","5,113,000","1,456,000","251,000","251,000",-,"2,855,000","-7,259,000","10,114,000","631,000","1,048,000","-417,000",-,-,-,-,"-80,000","-5,748,000","-5,748,000","-63,000","-4,256,000","-2,895,000","2,201,000","-5,096,000","-1,361,000",-,"-1,361,000","-19,000","14,000","-33,000",0,-,-,"-56,000","-52,000","-4,000",-,-,"3,389,000","92,000","3,297,000",-,"291,000","445,000",-,"14,000","2,201,000","-6,457,000","-33,000","727,000"
49,12/31/2010,"374,000","374,000","820,000","-18,000",-,"571,000","-115,000","306,000","306,000","328,000","328,000",-,"44,000",0,"442,000","-753,000","-2,137,000","-2,137,000","-98,000","1,072,000","410,000","-4,715,000","-4,715,000","-1,623,000","-1,196,000",-,-,"559,000","-8,425,000","8,984,000","-1,445,000","-850,000","-595,000",-,"-277,000",-,-,"-733,000","3,914,000","3,914,000","-515,000","306,000","-155,000","2,070,000","-2,225,000","461,000",-,"461,000","-12,000","20,000","-32,000",0,-,-,"-77,000","-53,000","-24,000","-1,000",-,"3,297,000","-427,000","3,724,000",-,"173,000","452,000",-,"7,599,000","2,070,000","-1,764,000","-7,611,000","374,000"
50,9/30/2010,"169,000","169,000","1,103,000","-821,000",-,"-760,000","-61,000","311,000","311,000","120,000","120,000",-,"71,000",0,"486,000","-701,000","972,000","972,000","-726,000","209,000","-1,156,000","1,168,000","1,168,000","121,000","4,429,000",-,-,"-8,907,000","-15,720,000","6,813,000","3,109,000","3,859,000","-750,000",-,"2,323,000",-,-,"93,000","-1,171,000","-1,171,000","972,000","-1,589,000","-1,188,000","1,585,000","-2,773,000","-401,000",-,"-401,000","-31,000","25,000","-56,000",0,0,-,"-57,000","-53,000","-4,000","-99,000",-,"3,724,000","166,000","3,558,000",-,"240,000","498,000",-,"25,000","1,585,000","-3,174,000","-56,000","169,000"
51,6/30/2010,"1,996,000","1,996,000","803,000","-205,000",-,"-147,000","-58,000","216,000","216,000","317,000","317,000","196,000","94,000",-,"823,000","-247,000","501,000","501,000","-112,000","-965,000","329,000","3,659,000","3,659,000","-835,000","-4,397,000",-,-,"6,673,000","-4,123,000","10,796,000","1,766,000","3,164,000","-1,398,000",-,-,-,-,"296,000","-5,660,000","-5,660,000","-1,819,000","-15,000","-1,104,000","1,452,000","-2,556,000","1,089,000",-,"1,089,000","-17,000","32,000","-49,000",0,-,-,"-78,000","-53,000","-25,000",-,-,"3,558,000","-5,000","3,563,000",-,"31,000","406,000",-,"-7,547,000","1,452,000","-1,467,000","7,530,000","1,996,000"
52,3/31/2010,"2,272,000","2,272,000","671,000","-147,000",-,"-90,000","-57,000","226,000","226,000","254,000","254,000","204,000","116,000",-,"751,000","197,000","-907,000","-907,000","-218,000","437,000","885,000","5,617,000","5,617,000","1,024,000","3,848,000","3,848,000",-,"-1,570,000","-9,681,000","8,111,000","2,018,000","3,550,000","-1,532,000",-,-,-,-,"297,000","-8,614,000","-8,614,000","1,514,000","-2,667,000","-1,238,000","3,323,000","-4,561,000","-1,429,000",-,"-1,429,000","3,342,000","3,409,000","-67,000","-7,579,000",-,"-7,579,000","-138,000","-45,000","-93,000",-,-,"3,563,000","-725,000","4,288,000",-,"308,000","515,000",-,"3,409,000","3,323,000","-5,990,000","-7,646,000","2,272,000"
53,12/31/2009,"3,224,000","3,224,000","1,107,000","-783,000",-,"-144,000","-37,000","231,000","231,000","789,000","789,000","409,000","144,000",0,"1,049,000","855,000","-2,140,000","-2,140,000","508,000","2,426,000",-,"-2,859,000","-2,859,000","29,000","-3,434,000","-3,434,000",-,"-1,334,000","-9,567,000","8,233,000","2,364,000","3,122,000","-758,000",-,0,0,-,"-484,000","497,000","497,000","4,000","-1,624,000","-1,933,000","681,000","-2,614,000","309,000",-,"29,000","9,000","73,000","-64,000",0,-,-,"-165,000","-46,000","-119,000",0,-,"4,288,000","862,000","3,426,000",-,"-492,000","625,000",-,"73,000","961,000","-2,585,000","-64,000","3,224,000"
54,9/30/2009,"1,179,000","1,179,000","559,000","-232,000",-,"-168,000","-64,000","242,000","242,000","-45,000","-45,000","209,000","129,000","-1,000","914,000","-596,000","-881,000","-881,000","1,089,000","-804,000",-,"4,624,000","4,624,000",-,"9,047,000","9,047,000",-,"-3,905,000","-10,499,000","6,594,000","3,442,000","3,517,000","-75,000",-,-,-,-,"25,000","-6,174,000","-6,174,000","76,000","-3,589,000","-3,682,000","556,000","-4,238,000","93,000",-,"93,000","11,000","53,000","-42,000",0,-,-,"-145,000","-46,000","-99,000",-,-,"3,426,000","-371,000","3,797,000",-,"530,000","710,000",-,"53,000","556,000","-4,145,000","-42,000","1,179,000"
55,6/30/2009,"480,000","480,000","207,000","-215,000",-,"-182,000","-33,000","-143,000","-143,000","-49,000","-49,000","-190,000","155,000",0,"1,087,000","-372,000","-285,000","-285,000","-694,000","1,946,000",-,"6,892,000","6,892,000",-,-,-,-,"-2,570,000","-10,015,000","7,445,000","5,251,000","5,343,000","-92,000",-,-,-,-,"-5,000","-7,151,000","-7,151,000","-868,000","-2,551,000","-2,653,000","-2,526,000","-127,000","102,000",-,"102,000","628,000","675,000","-47,000",-,-,-,"-164,000",-,-,-,-,"3,797,000","221,000","3,576,000",-,"18,000","833,000",-,"675,000","-2,526,000","-25,000","-47,000","480,000"
56,3/31/2009,"870,000","870,000","530,000","-66,000",-,"-56,000","-10,000","648,000","648,000","237,000","237,000","-159,000","149,000",0,"880,000","-1,349,000","-4,812,000","-4,812,000","207,000","1,917,000","1,339,000","822,000","822,000","295,000",-,-,-,"-1,989,000","-6,364,000","4,375,000","2,480,000","2,525,000","-45,000",-,0,-,-,"36,000","-2,587,000","-2,587,000","-385,000","-3,664,000","-1,714,000","6,076,000","-7,790,000","-1,950,000",-,"-1,950,000","35,000","70,000","-35,000",-,-,-,"-344,000",-,-,-,-,"3,576,000","-895,000","4,471,000",-,"10,000","983,000",-,"70,000","6,076,000","-9,740,000","-35,000","870,000"
57,12/31/2008,"2,010,000","2,010,000","-248,000","50,000",-,"172,000",-,"75,000","75,000","-254,000","-254,000","-302,000",-,-,-,"1,185,000",-,-,-,-,-,"-6,370,000","-6,370,000",-,-,-,-,"-1,983,000","-6,413,000","4,430,000",-,-,-,-,"2,520,000",-,-,"2,794,000","5,771,000","5,771,000",-,"2,226,000","712,000","3,675,000","-2,963,000","1,514,000",-,-,"49,000",-,-,"7,275,000",-,-,"-250,000",-,-,"4,000",-,"4,471,000","1,411,000","3,060,000",-,-,-,-,-,"3,675,000","-4,963,000",-,"2,010,000"
58,9/30/2008,"3,301,000","3,301,000","248,000","194,000",-,"74,000",-,"82,000","82,000","-52,000","-52,000","201,000",-,-,-,"2,628,000",-,-,-,-,-,"-3,512,000","-3,512,000",-,-,-,-,"-1,064,000","-5,544,000","4,480,000",-,-,-,-,0,-,-,"-2,448,000","-254,000","-254,000",-,"-79,000","417,000","562,000","-145,000","-496,000",-,-,"59,000",-,-,0,-,-,"-229,000",-,-,"-301,000",-,"3,060,000","-465,000","3,525,000",-,-,-,-,-,"562,000","-145,000",-,"3,301,000"
59,6/30/2008,"1,397,000","1,397,000","505,000","-79,000",-,"1,000",-,"76,000","76,000","52,000","52,000","263,000",-,-,-,"580,000",-,-,-,-,-,"-3,470,000","-3,470,000",-,-,-,-,"-2,850,000","-4,470,000","1,620,000",-,-,-,-,"-136,000",-,-,"-484,000","1,664,000","1,664,000",-,"-832,000","-1,642,000","-343,000","-1,299,000","810,000",-,-,"25,000",-,-,-,-,-,"-229,000",-,-,"676,000",-,"3,525,000","-409,000","3,934,000",-,-,-,-,-,"-343,000","-1,299,000",-,"1,397,000"
60,3/31/2008,"706,000","706,000","377,000","-81,000",-,"-41,000",-,"92,000","92,000","-7,000","-7,000","43,000",-,-,-,"282,000",-,-,-,-,-,"366,000","366,000",-,-,-,-,"1,039,000","-3,055,000","4,094,000",-,-,-,-,"377,000",-,-,"-1,050,000","-705,000","-705,000",-,"1,787,000","5,615,000","6,477,000","-862,000","-3,828,000",-,-,"8,000",-,-,-,-,-,"-215,000",-,-,"3,000",-,"3,934,000","367,000","3,567,000",-,-,-,-,-,"6,477,000","-862,000",-,"706,000"
61,12/31/2007,"-1,203,000","-1,203,000","178,000","-54,000",-,"1,000",-,"94,000","94,000","-3,000","-3,000","-227,000",-,-,-,"-1,491,000",-,-,-,-,-,"-3,524,000","-3,524,000",-,-,-,-,"1,162,000","-718,000","1,880,000",-,-,-,-,"-373,000",-,-,"1,412,000","4,976,000","4,976,000",-,"-1,189,000","1,785,000","2,904,000","-1,119,000","-2,974,000",-,-,"-9,000",-,-,-,-,-,"-212,000",-,-,"2,000",-,"3,567,000","249,000","3,318,000",-,-,-,-,-,"4,904,000","-1,119,000",-,"-1,203,000"
62,9/30/2007,"997,000","997,000","407,000","54,000",-,-,-,"83,000","83,000","11,000","11,000","256,000",-,-,-,"186,000",-,-,-,-,-,"-4,225,000","-4,225,000",-,-,-,-,"-4,671,000","-6,858,000","2,187,000",-,-,-,-,"-280,000",-,-,"726,000","3,369,000","3,369,000",-,"2,800,000","2,555,000","3,137,000","-582,000","245,000",-,-,"-397,000",-,-,-,-,-,"-215,000",-,-,"1,000",-,"3,318,000","141,000","3,177,000",-,-,-,-,-,"3,137,000","-582,000",-,"997,000"
63,6/30/2007,"-1,261,000","-1,261,000","423,000","1,000",-,-,-,"78,000","78,000","25,000","25,000","10,000",-,-,-,"-1,798,000",-,-,-,-,-,"-2,377,000","-2,377,000",-,-,-,-,"-289,000","-2,060,000","1,771,000",-,-,-,-,0,-,-,"-2,088,000","3,581,000","3,581,000",-,"3,707,000","2,197,000","2,519,000","-322,000","1,510,000",-,-,"-248,000",-,-,-,-,-,"-218,000",-,-,"494,000",-,"3,177,000","-57,000","3,234,000",-,-,-,-,-,"2,519,000","-322,000",-,"-1,261,000"
64,3/31/2007,"1,051,000","1,051,000","459,000","-52,000",-,-,-,"77,000","77,000","45,000","45,000","-103,000",-,-,-,"625,000",-,-,-,-,-,"-4,513,000","-4,513,000",-,-,-,-,"-1,656,000","-6,248,000","4,592,000",-,-,-,-,"-1,890,000",-,-,"-967,000","3,173,000","3,173,000",-,"4,736,000","1,517,000","2,420,000","-903,000","3,219,000",-,-,"-56,000",-,-,-,-,-,"-161,000",-,-,"8,000",-,"3,234,000","-289,000","3,523,000",-,-,-,-,-,"2,420,000","-903,000",-,"1,051,000"
65,12/31/2006,"1,128,000","1,128,000","376,000","-2,060,000",-,0,-,"77,000","77,000","-103,000","-103,000","2,243,000",-,-,-,"500,000",-,-,-,-,-,"-2,126,000","-2,126,000",-,-,-,-,"-185,000","-1,672,000","1,487,000",-,-,-,-,"-3,000",-,-,"1,715,000","1,503,000","1,503,000",-,"1,115,000","1,230,000","1,709,000","-479,000","-115,000",-,-,"-84,000",-,-,-,-,-,"-162,000",-,-,"78,000",-,"3,523,000","505,000","3,018,000",-,-,-,-,-,"1,709,000","-489,000",-,"1,128,000"
66,9/30/2006,"-34,000","-34,000","1,484,000","195,000",-,"195,000",-,"86,000","86,000","784,000","784,000","-1,756,000",-,-,-,"-827,000",-,-,-,-,-,"153,000","153,000",-,-,-,-,"907,000","-7,250,000","8,157,000",-,-,-,-,0,-,-,"-754,000","-539,000","-539,000",-,"-1,658,000","-2,297,000","-133,000","-2,164,000","639,000",-,-,"-95,000",-,-,-,-,-,"-162,000",-,-,"298,000",-,"3,018,000","-420,000","3,438,000",-,-,-,-,-,"-133,000","-2,164,000",-,"-34,000"
67,6/30/2006,"609,000","609,000","381,000","8,000",-,"8,000",-,"89,000","89,000","34,000","34,000","-688,000",-,-,-,"785,000",-,-,-,-,-,"-2,058,000","-2,058,000",-,-,-,-,"-838,000","-3,834,000","2,996,000",-,-,-,-,"-50,000",-,-,"-1,170,000","1,681,000","1,681,000",-,"-302,000","-19,000","-484,000","465,000","-283,000",-,-,"-86,000",-,-,-,-,-,"-162,000",-,-,"-361,000",-,"3,438,000","232,000","3,206,000",-,-,-,-,-,"-484,000","465,000",-,"609,000"
68,3/31/2006,"945,000","945,000","354,000","4,000",-,"4,000",-,"93,000","93,000","37,000","37,000","241,000",-,-,-,"216,000",-,-,-,-,-,"-1,331,000","-1,331,000",-,-,-,-,"-822,000","-2,951,000","2,129,000",-,-,-,-,"-5,000",-,-,"-504,000","74,000","74,000",-,"-494,000","-243,000","1,400,000","-1,643,000","-251,000",-,-,"77,000",-,-,-,-,-,"-147,000",-,-,"14,000",-,"3,206,000","-312,000","3,518,000",-,-,-,-,-,"1,400,000","-1,643,000",-,"945,000"
69,12/31/2005,"296,000","296,000","355,000","-2,000",-,"4,000",-,"98,000","98,000","-34,000","-34,000","480,000",-,-,-,"-601,000",-,-,-,-,-,"1,137,000","1,137,000",-,-,-,-,"-2,720,000","-6,094,000","3,374,000",-,-,-,-,"-184,000",-,-,"4,041,000","-1,389,000","-1,389,000",-,"-1,347,000","404,000","502,000","-98,000","-1,751,000",-,-,"43,000",-,-,-,-,-,"-146,000",-,-,-,-,"3,518,000","44,000","3,474,000",-,-,-,-,-,"502,000","-98,000",-,"296,000"
70,9/30/2005,"115,000","115,000","334,000","223,000",-,"223,000",-,"111,000","111,000","20,000","20,000","-471,000",-,-,-,"-102,000",-,-,-,-,-,"-1,736,000","-1,736,000",-,-,-,-,"-72,000","-2,739,000","2,667,000",-,-,-,-,"263,000",-,-,"-1,927,000","1,653,000","1,653,000",-,"247,000","1,812,000","-55,571,000","57,383,000","-1,565,000",-,-,-,-,-,-,-,-,"-146,000",-,-,-,-,"3,474,000","32,000","3,442,000",-,-,-,-,-,"-55,571,000","57,383,000",-,"115,000"
71,6/30/2005,"364,000","364,000","282,000","-195,000",-,"-195,000",-,"86,000","86,000","24,000","24,000","-17,000",-,-,-,"184,000",-,-,-,-,-,"-1,735,000","-1,735,000",-,-,-,-,"-77,000","-6,849,000","6,772,000",-,-,-,-,"-366,000",-,-,"-1,292,000","1,905,000","1,905,000",-,"2,296,000","-681,000","31,920,000","-32,601,000","2,977,000",-,-,-,-,-,-,-,-,"-141,000",-,-,-,-,"3,442,000","534,000","2,908,000",-,-,-,-,-,"31,920,000","-32,601,000",-,"364,000"
72,3/31/2005,"-1,451,000","-1,451,000","354,000","9,000",-,"9,000",-,"80,000","80,000","-9,000","-9,000","-1,111,000",-,-,-,"-774,000",-,-,-,-,-,"-3,462,000","-3,462,000",-,-,-,-,"-2,021,000","-8,548,000","6,527,000",-,-,-,-,"-243,000",-,-,"-1,198,000","4,591,000","4,591,000",-,"2,827,000","1,220,000","27,569,000","-26,349,000","1,607,000",-,-,"6,000",-,-,-,-,-,"-142,000",-,-,-,-,"2,908,000","-322,000","3,230,000",-,-,-,-,-,"27,569,000","-26,349,000",-,"-1,451,000"
73,12/31/2004,"329,000","329,000","307,000","-10,000",-,"-10,000",-,"76,000","76,000","55,000","55,000","109,000",-,-,-,"-208,000",-,-,-,-,-,"-898,000","-898,000",-,-,-,-,"197,000","-2,397,000","2,594,000",-,-,-,-,-,-,-,"-1,095,000","794,000","794,000",-,"-1,176,000","386,000","16,896,000","-16,510,000","-1,562,000",-,-,"4,000",-,-,-,-,-,"-141,000",-,-,-,-,"3,230,000","225,000","3,005,000",-,-,-,-,-,"16,896,000","-16,510,000",-,"329,000"
74,9/30/2004,"193,000","193,000","258,000","-16,000",-,"-16,000",-,"76,000","76,000","12,000","12,000","462,000",-,-,-,"-599,000",-,-,-,-,-,"-3,238,000","-3,238,000",-,-,-,-,"1,309,000","-10,192,000","11,501,000",-,-,-,-,-,-,-,"-4,547,000","2,985,000","2,985,000",-,"1,947,000","514,000","11,438,000","-10,924,000","1,433,000",-,-,"12,000",-,-,-,-,-,"-142,000",-,-,-,-,"3,005,000","-60,000","3,065,000",-,-,-,-,-,"11,438,000","-10,924,000",-,"193,000"
75,6/30/2004,"118,000","118,000","304,000","-14,000",-,"-14,000",-,"77,000","77,000","-61,000","-61,000","-62,000",-,-,-,"-126,000",-,-,-,-,-,"1,099,000","1,099,000",-,-,-,-,"-230,000","-2,176,000","1,946,000",-,-,-,-,-,-,-,"1,076,000","-939,000","-939,000",-,"-2,678,000","-792,000","7,148,000","-7,940,000","-1,886,000",-,-,"12,000",-,-,-,-,-,"-142,000",-,-,-,-,"3,065,000","278,000","2,787,000",-,-,-,-,-,"7,148,000","-7,940,000",-,"118,000"
76,3/31/2004,"-203,000","-203,000","328,000","-15,000",-,"-15,000",-,"73,000","73,000","82,000","82,000","-148,000",-,-,-,"-523,000",-,-,-,-,-,"-2,156,000","-2,156,000",-,-,-,-,"-626,000","-3,329,000","2,703,000",-,-,-,-,"-253,000",-,-,"-1,277,000","2,178,000","2,178,000",-,"1,851,000","-454,000","7,748,000","-8,202,000","2,305,000",-,-,"-135,000",-,-,-,-,-,"-141,000",-,-,-,-,"2,787,000","-181,000","2,968,000",-,-,-,-,-,"7,748,000","-8,202,000",-,"-203,000"
77,12/31/2003,"1,298,000","1,298,000","302,000","-15,000",-,"-15,000",-,"74,000","74,000","90,000","90,000","479,000",-,-,-,-,-,-,-,-,-,"-3,907,000","-3,907,000",-,-,-,-,"-6,976,000","-3,935,000","-3,041,000",-,-,-,-,-,-,-,"3,069,000","1,963,000","1,963,000",-,"2,547,000","1,000,000","5,634,000","-4,634,000","1,547,000",-,-,"-77,000",-,-,-,-,-,"-139,000",-,-,-,-,"2,968,000","-646,000","3,614,000",-,-,-,-,-,"5,634,000","-4,634,000",-,"1,298,000"
78,9/30/2003,"-530,000","-530,000","281,000","-19,000",-,"-19,000",-,"73,000","73,000","20,000","20,000","-885,000",-,-,-,-,-,-,-,-,-,"1,485,000","1,485,000",-,-,-,-,"1,511,000","-5,151,000","6,662,000",-,-,-,-,-,-,-,"-26,000","-1,138,000","-1,138,000",-,"214,000","-664,000","5,644,000","-6,308,000","878,000",-,-,"-133,000",-,-,-,-,-,"-134,000",-,-,-,-,"3,614,000","-183,000","3,797,000",-,-,-,-,-,"5,644,000","-6,308,000",-,"-530,000"
79,6/30/2003,"901,000","901,000","184,000","-26,000",-,"-26,000",-,"68,000","68,000","-11,000","-11,000","686,000",-,-,-,-,-,-,-,-,-,"540,000","540,000",-,-,-,-,"-101,000","-4,765,000","4,664,000",-,-,-,-,-,-,-,"619,000","-1,270,000","-1,270,000",-,"-665,000","-600,000","5,474,000","-6,074,000","-65,000",-,-,"-83,000",-,-,-,-,-,"-135,000",-,-,-,-,"3,797,000","171,000","3,626,000",-,-,-,-,-,"5,474,000","-6,074,000",-,"901,000"
80,3/31/2003,"-1,000","-1,000","262,000","-56,000",-,"-56,000",-,"74,000","74,000","117,000","117,000","-398,000",-,-,-,-,-,-,-,-,-,"-778,000","-778,000",-,-,-,-,"-867,000","-5,893,000","5,026,000",-,-,-,-,"-22,000",-,-,"111,000","1,204,000","1,204,000",-,"-583,000","-847,000","6,154,000","-7,001,000","264,000",-,-,"-174,000",-,-,-,-,-,"-138,000",-,-,-,-,"3,626,000","425,000","3,201,000",-,-,-,-,-,"6,154,000","-7,001,000",-,"-1,000"
81,12/31/2002,"2,131,000","2,131,000","262,000","-1,000",-,"-1,000",-,"177,000","177,000","208,000","208,000","-32,000",-,-,-,"1,517,000",-,-,-,-,-,"-1,455,000","-1,455,000",-,-,-,-,"-1,919,000","-5,823,000","3,904,000",-,-,-,-,-,-,-,"464,000","-878,000","-878,000",-,"-385,000","-483,000","5,852,000","-6,335,000",-,-,-,"-109,000",-,-,-,-,-,"-137,000",-,-,-,-,"3,201,000","-202,000","3,403,000",-,-,-,-,-,"5,852,000","-6,335,000",-,"3,807,000"
82,9/30/2002,"-1,091,000","-1,091,000","285,000","-68,000",-,"-68,000",-,"21,000","21,000","53,000","53,000","-449,000",-,-,-,-,-,-,-,-,-,"1,967,000","1,967,000",-,-,-,-,"482,000","-5,963,000","6,445,000",-,-,-,-,-,-,-,"1,485,000","-312,000","-312,000",-,"-729,000","10,977,000",-,"-5,548,000","-11,706,000",-,-,"20,000",-,-,-,-,-,"-136,000",-,-,-,-,"3,403,000","564,000","2,839,000",-,-,-,-,-,-,"-5,548,000",-,"-2,767,000"
83,6/30/2002,"1,035,000","1,035,000","320,000","-16,000",-,"-16,000",-,"34,000","34,000","101,000","101,000","596,000",-,-,-,-,-,-,-,-,-,"217,000","217,000",-,-,-,-,"-477,000","-4,355,000","3,878,000",-,-,-,-,0,-,-,"694,000","-1,199,000","-1,199,000",-,"-737,000","-12,472,000",-,"-5,660,000","11,735,000",-,-,"25,000",-,-,-,-,-,"-137,000",-,-,-,-,"2,839,000","53,000","2,786,000",-,-,-,-,-,-,"-5,660,000",-,"1,035,000"
84,3/31/2002,"578,000","578,000","317,000","-4,000",-,"-4,000",-,"10,000","10,000","125,000","125,000","130,000",-,-,-,-,-,-,-,-,-,"1,475,000","1,475,000",-,-,-,-,"2,500,000","-2,826,000","5,326,000",-,-,-,-,"-1,676,000",-,-,"651,000","-3,594,000","-3,594,000",-,"-933,000","-806,000","6,812,000","-7,618,000","-127,000",-,-,"2,000",-,-,-,-,-,"-136,000",-,-,"-133,000",-,"2,786,000","-1,541,000","4,327,000",-,-,-,-,-,"6,812,000","-7,618,000",-,"578,000"
85,12/31/2001,"924,000","924,000","-481,000","3,000",-,"3,000",-,"39,000","39,000","-293,000","-293,000","1,632,000",-,-,-,"24,000",-,-,-,-,-,"-1,125,000","-1,125,000",-,-,-,-,"-1,158,000","-5,113,000","3,955,000",-,-,-,-,-,-,-,"33,000","1,015,000","1,015,000",-,"-1,253,000","1,239,000","12,040,000","-10,801,000",-,-,-,"-43,000",-,-,-,-,-,"-140,000",-,-,"142,000",-,"4,327,000","814,000","3,513,000",-,-,-,-,-,"12,040,000","-10,801,000",-,"924,000"
86,9/30/2001,"-387,000","-387,000","263,000","-86,000",-,"-86,000",-,"54,000","54,000","74,000","74,000","-576,000",-,-,-,-,-,-,-,-,-,"702,000","702,000",-,-,-,-,"-1,192,000","-10,372,000","9,180,000",-,-,-,-,-,-,-,"1,894,000","-461,000","-461,000",-,"815,000","252,000","9,626,000","-9,374,000","563,000",-,-,"-207,000",-,-,-,-,-,"-141,000",-,-,"-97,000",-,"3,513,000","-146,000","3,659,000",-,-,-,-,-,"9,626,000","-9,374,000",-,"-387,000"
87,6/30/2001,"580,000","580,000","330,000","-17,000",-,"-17,000",-,"67,000","67,000","57,000","57,000","143,000",-,-,-,-,-,-,-,-,-,"1,847,000","1,847,000",-,-,-,-,"475,000","-5,756,000","6,231,000",-,-,-,-,-,-,-,"1,372,000","-1,766,000","-1,766,000",-,"-124,000","-367,000","9,549,000","-9,916,000","243,000",-,-,"-136,000",-,-,-,-,-,"-144,000",-,-,-,-,"3,659,000","661,000","2,998,000",-,-,-,-,-,"9,549,000","-9,916,000",-,"580,000"
88,3/31/2001,"149,000","149,000","265,000","-28,000",-,"-28,000",-,"100,000","100,000","114,000","114,000","-302,000",-,-,-,-,-,-,-,-,-,"-568,000","-568,000",-,-,-,-,"-2,134,000","-7,357,000","5,223,000",-,-,-,-,-,-,-,"1,566,000","-245,000","-245,000",-,"485,000","-1,201,000","9,411,000","-10,612,000","1,686,000",-,-,"-111,000",-,-,-,-,-,"-144,000",-,-,-,-,"2,998,000","-664,000","3,662,000",-,-,-,-,-,"9,411,000","-10,612,000",-,"149,000"
89,12/31/2000,"1,299,000","1,299,000","314,000","-23,000",-,"-23,000",-,"88,000","88,000","90,000","90,000","830,000",-,-,-,-,-,-,-,-,-,"-163,000","-163,000",-,-,-,-,"683,000","-3,337,000","4,020,000",-,-,-,-,-,-,-,"-846,000","-580,000","-580,000",-,"-581,000","-1,265,000","210,792,000","-212,057,000","684,000",-,-,"-30,000",-,-,-,-,-,"-139,000",-,-,-,-,"3,662,000","556,000","3,106,000",-,-,-,-,-,"210,792,000","-212,057,000",-,"1,299,000"
90,9/30/2000,"502,000","502,000","277,000","-5,000",-,"-5,000",-,"-20,000","-20,000","92,000","92,000","158,000",-,-,-,-,-,-,-,-,-,"-105,000","-105,000",-,-,-,-,"-779,000","-1,956,000","1,177,000",-,-,-,-,-,-,-,"674,000","-412,000","-412,000",-,"-1,168,000","-1,425,000","-20,927,000","19,502,000","257,000",-,-,"-42,000",-,-,-,-,-,"-136,000",-,-,-,-,"3,106,000","-15,000","3,138,000",-,-,-,-,-,"-20,927,000","19,502,000",-,"502,000"
91,6/30/2000,"-53,000","-53,000","315,000","-4,000",-,"-4,000",-,"141,000","141,000","75,000","75,000","-580,000",-,-,-,-,-,-,-,-,-,"-3,000","-3,000",-,-,-,-,"372,000","-2,164,000","2,536,000",-,-,-,-,-,-,-,"-375,000","1,004,000","1,004,000",-,"496,000","901,000","-24,372,000","25,273,000","-405,000",-,-,"-82,000",-,-,-,-,-,"-135,000",-,-,-,-,"3,138,000","948,000","2,190,000",-,-,-,-,-,"-24,372,000","25,273,000",-,"-53,000"
92,3/31/2000,"1,300,000","1,300,000","308,000","3,000",-,"3,000",-,"131,000","131,000","119,000","119,000","739,000",-,-,-,-,-,-,-,-,-,"-790,000","-790,000",-,-,-,-,"-76,000","-1,690,000","1,614,000",-,-,-,-,-,-,-,"-714,000","-1,417,000","-1,417,000",-,"-1,229,000","-857,000","48,147,000","-49,004,000","-372,000",-,-,"-85,000",-,-,-,-,-,"-136,000",-,-,-,-,"2,190,000","-907,000","3,097,000",-,-,-,-,-,"48,147,000","-49,004,000",-,"1,300,000"
93,12/31/1999,"-195,000","-195,000","304,000","-534,000",-,"20,000",-,"71,000","71,000","32,000","32,000","1,059,000",-,-,-,-,-,-,-,-,-,"-657,000","-657,000",-,-,-,-,"448,000","-979,000","1,427,000",-,-,-,-,-,-,-,"1,870,000","1,755,000","1,755,000",-,"446,000","-1,175,000","147,879,000","-149,054,000","1,621,000",-,-,"-76,000",-,-,-,-,-,"-137,000",-,-,-,-,"3,097,000","903,000","2,194,000",-,-,-,-,-,"147,879,000","-149,054,000",-,"-195,000"
94,9/30/1999,"1,652,000","1,652,000","320,000","59,000",-,"59,000",-,"39,000","39,000","74,000","74,000","118,000",-,-,-,"1,042,000",-,-,-,-,-,"309,000","309,000",-,-,-,-,"720,000","-2,342,000","3,062,000",-,-,-,-,-,-,-,"-3,386,000","-1,955,000","-1,955,000",-,"434,000","72,384,000","11,745,000","60,639,000","-71,950,000",-,-,"-110,000",-,-,-,-,-,"-127,000",-,-,-,-,"2,194,000","6,000","2,188,000",-,-,-,-,-,"11,745,000","60,639,000",-,"1,652,000"
95,6/30/1999,"-398,000","-398,000","315,000","301,000",-,"-3,000",-,"87,000","87,000","55,000","55,000","-1,241,000",-,-,-,-,-,-,-,-,-,"203,000","203,000",-,-,-,-,"203,000","-4,172,000","4,375,000",-,-,-,-,-,-,-,0,"61,000","61,000",-,"-1,503,000","-72,868,000","-24,163,000","-48,705,000","71,365,000",-,-,"-195,000",-,-,-,-,-,"-127,000",-,-,-,-,"2,188,000","-134,000","2,322,000",-,-,-,-,-,"-24,163,000","-48,705,000",-,"-398,000"
96,3/31/1999,"801,000","801,000","325,000","-287,000",-,"17,000",-,"130,000","130,000","43,000","43,000","590,000",-,-,-,-,-,-,-,-,-,"2,102,000","2,102,000",-,-,-,-,"-1,442,000","-3,504,000","2,062,000",-,-,-,-,-,-,-,"3,544,000","-3,115,000","-3,115,000",-,"-1,008,000","-863,000","42,777,000","-43,640,000","-145,000",-,-,"-281,000",-,-,-,-,-,"-129,000",-,-,-,-,"2,322,000","-212,000","2,534,000",-,-,-,-,-,"42,777,000","-43,640,000",-,"801,000"
97,12/31/1998,"711,000","711,000","284,700","-372,000",-,"-44,000",-,"201,000","201,000","97,000","97,000","-1,008,700",-,-,-,-,-,-,-,-,-,"-1,448,000","-1,448,000",-,-,-,-,"-585,000","-4,099,000","3,514,000",-,-,-,-,-,-,-,"-1,937,000","1,289,000","1,289,000",-,"867,000","1,575,000","135,160,000","-133,585,000","-708,000",-,-,"-63,000",-,-,-,-,-,"-128,000",-,-,0,-,"2,534,000","552,000","1,982,000",-,-,-,-,-,"135,160,000","-133,585,000",-,"1,785,000"
98,9/30/1998,"-391,000","-391,000","280,600","-50,000",-,"-50,000",-,"220,000","220,000","16,000","16,000","20,400",-,-,-,"-878,000",-,-,-,-,-,"831,000","831,000",-,-,-,-,"1,132,000","-4,072,000","5,204,000",-,-,-,-,-,-,-,"773,000","-552,000","-552,000",-,"-423,000","53,172,000","25,832,000","27,340,000","-53,595,000",-,-,"-38,000",-,-,-,-,-,"-123,000",-,-,0,-,"1,982,000","-112,000","2,094,000",-,-,-,-,-,"25,832,000","27,340,000",-,"-1,465,000"
99,6/30/1998,"-523,000","-523,000","280,400","-3,000",-,"-3,000",-,"117,000","117,000","47,000","47,000","-408,400",-,-,-,"-556,000",-,-,-,-,-,"-3,482,000","-3,482,000",-,-,-,-,"-9,000","-1,946,000","1,937,000",-,-,-,-,-,-,-,"-3,473,000","3,518,000","3,518,000",-,"-765,000","-51,826,000","2,853,000","-54,679,000",-,-,-,"-65,000",-,-,-,-,-,"-122,000",-,-,-,-,"2,094,000","-487,000","2,581,000",-,-,-,-,-,"2,853,000","-54,679,000",-,"-523,000"
100,3/31/1998,"-83,000","-83,000","269,300","-23,000",-,"-23,000",-,"94,000","94,000","10,000","10,000","-358,300",-,-,-,"-75,000",-,-,-,-,-,"1,323,000","1,323,000",-,-,-,-,"1,019,000","-3,225,000","4,244,000",-,-,-,-,-,-,-,"304,000","-2,962,000","-2,962,000",-,"1,649,000","1,649,000","56,166,000","-54,517,000",-,-,-,"-53,000",-,-,-,-,-,"-122,000",-,-,-,-,"2,581,000","-1,722,000","4,303,000",-,-,-,-,-,"56,166,000","-54,517,000",-,"-83,000"
101,12/31/1997,"-679,000","-679,000","265,000","-65,000",-,"-22,000",-,"90,000","90,000","40,000","40,000","-1,466,000",-,-,-,-,-,-,-,-,-,"-1,539,000","-1,539,000",-,-,-,-,"-325,000","-4,027,000","3,702,000",-,-,-,-,-,-,-,"-1,214,000","3,061,000","3,061,000",-,"601,000","-1,048,000","111,595,000","-112,643,000","1,649,000",-,-,"-280,000",-,-,-,-,-,"-123,000",-,-,0,-,"4,303,000","843,000","3,460,000",-,-,-,-,-,"111,595,000","-112,643,000",-,"-679,000"
102,9/30/1997,"252,000","252,000","261,600","-52,000",-,"3,000",-,"96,000","96,000","17,000","17,000","92,400",-,-,-,"-163,000",-,-,-,-,-,"292,000","292,000",-,-,-,-,"435,000","-1,937,000","2,372,000",-,-,-,-,-,-,-,"-143,000","-760,000","-760,000",-,"-119,000","526,000","25,499,000","-24,973,000","-645,000",-,-,"-98,000",-,-,-,-,-,"-119,000",-,-,0,-,"3,460,000","-216,000","3,676,000",-,-,-,-,-,"25,499,000","-24,973,000",-,"252,000"
103,6/30/1997,"313,000","313,000","259,100","-95,000",-,"-14,000",-,"87,000","87,000","24,000","24,000","-102,100",-,-,-,"140,000",-,-,-,-,-,"-216,000","-216,000",-,-,-,-,"1,289,000","-649,000","1,938,000",-,-,-,-,-,-,-,"-1,505,000","483,000","483,000",-,"522,000","717,000","28,862,000","-28,145,000","-195,000",-,-,"-535,000",-,-,-,-,-,"-121,000",-,-,-,-,"3,676,000","580,000","3,096,000",-,-,-,-,-,"28,862,000","-28,145,000",-,"313,000"
104,3/31/1997,"73,000","73,000","266,300","-16,000",-,"-16,000",-,"73,000","73,000","52,000","52,000","131,700",-,-,-,"-434,000",-,-,-,-,-,"1,415,000","1,415,000",-,-,-,-,"2,229,000","-2,112,000","4,341,000",-,-,-,-,-,-,-,"-814,000","-2,408,000","-2,408,000",-,"-1,050,000","60,000","27,303,000","-27,243,000","-1,110,000",-,-,"-464,000",-,-,-,-,-,"-125,000",-,-,-,-,"3,096,000","-920,000","4,016,000",-,-,-,-,-,"27,303,000","-27,243,000",-,"73,000"
105,12/31/1996,"-9,000","-9,000","271,700","-25,000",-,"-7,000",-,"79,000","79,000","98,000","98,000","-406,700",-,-,-,"-26,000",-,-,-,-,-,"-3,107,000","-3,107,000",-,-,-,-,"-213,000","-3,711,000","3,498,000",-,-,-,-,-,-,-,"-2,894,000","3,521,000","3,521,000",-,"3,010,000","1,647,000","30,809,000","-29,162,000","1,363,000",-,-,"92,000",-,-,-,-,-,"-128,000",-,-,-,-,"4,016,000","405,000","3,611,000",-,-,-,-,-,"30,809,000","-29,162,000",-,"-9,000"
106,9/30/1996,"148,000","148,000","233,900","-34,000",-,"-8,000",-,"77,000","77,000","28,000","28,000","-288,900",-,-,-,"132,000",-,-,-,-,-,"2,575,000","2,575,000",-,-,-,-,"2,512,000","-1,768,000","4,280,000",-,-,-,-,-,-,-,"63,000","-2,344,000","-2,344,000",-,"-2,633,000","-1,416,000","25,811,000","-27,227,000","-1,217,000",-,-,"-174,000",-,-,-,-,-,"-120,000",-,-,-,-,"3,611,000","379,000","3,232,000",-,-,-,-,-,"25,811,000","-27,227,000",-,"148,000"
107,6/30/1996,"303,000","303,000","248,100","-49,000",-,"-4,000",-,"73,000","73,000","27,000","27,000","-159,100",-,-,-,"163,000",-,-,-,-,-,"802,000","802,000",-,-,-,-,"751,000","-1,697,000","2,448,000",-,-,-,-,-,-,-,"51,000","-1,124,000","-1,124,000",-,"-689,000","22,886,000","43,236,000","-20,350,000","-23,575,000",-,-,"-37,000",-,-,-,-,-,"-120,000",-,-,-,-,"3,232,000","-19,000","3,251,000",-,-,-,-,-,"43,236,000","-20,350,000",-,"303,000"
108,3/31/1996,"-232,000","-232,000","238,300","-3,000",-,"-3,000",-,"61,000","61,000","37,000","37,000","-14,300",-,-,-,"-551,000",-,-,-,-,-,"1,285,000","1,285,000",-,-,-,-,"721,000","-1,887,000","2,608,000",-,-,-,-,-,-,-,"564,000","-1,481,000","-1,481,000",-,"873,000","-19,330,000","4,605,000","-23,935,000","20,203,000",-,-,"20,000",-,-,-,-,-,"-120,000",-,-,"-485,000",-,"3,251,000","-428,000","3,679,000",-,-,-,-,-,"4,605,000","-23,935,000",-,"-232,000"
109,12/31/1995,"995,000","995,000","-3,600","212,000",-,"289,000",-,"111,000","111,000","49,000","49,000","626,600",-,-,-,-,-,-,-,-,-,"4,101,000","4,101,000",-,-,-,-,"5,338,000","893,000","4,445,000",-,-,-,-,-,-,-,"-1,237,000","-4,361,000","-4,361,000",-,"-4,195,000","-1,474,000","22,898,000","-24,372,000","-2,721,000",-,-,"-18,000",-,-,-,-,-,"-144,000",-,-,-,-,"3,679,000","735,000","2,124,000",-,-,-,-,-,"22,898,000","-24,372,000",-,"995,000"
110,9/30/1995,"17,000","17,000","149,100",0,-,0,-,"73,000","73,000","38,000","38,000","-243,100",-,-,-,-,-,-,-,-,-,"664,000","664,000",-,-,-,-,"1,218,000","-330,000","1,548,000",-,-,-,-,-,-,-,"-554,000","-1,169,000","-1,169,000",-,"2,891,000","-624,000","33,004,000","-33,628,000","3,515,000",-,-,"1,000",-,-,-,-,-,"-80,000",-,-,-,-,"2,124,000","-488,000","2,612,000",-,-,-,-,-,"33,004,000","-33,628,000",-,"17,000"
111,6/30/1995,"-161,000","-161,000","136,900","1,000",-,"-8,000",-,"50,000","50,000","12,000","12,000","-360,900",-,-,-,-,-,-,-,-,-,"-175,000","-175,000",-,-,-,-,"3,175,000","2,424,000","751,000",-,-,-,-,-,-,-,"-3,350,000","249,000","249,000",-,"-3,227,000","-2,577,000","2,711,000","-5,288,000",-,-,-,"-42,000",-,-,-,-,-,"-81,000",-,-,"1,633,500",-,"2,612,000","-87,000","2,699,000",-,-,-,-,-,"2,711,000","-5,288,000",-,"-161,000"
112,3/31/1995,"269,000","269,000","125,700","-10,000",-,"-1,000",-,"62,000","62,000","29,000","29,000","62,300",-,-,-,-,-,-,-,-,-,"2,445,000","2,445,000",-,-,-,-,"-1,583,000","-2,822,000","1,239,000",-,-,-,-,-,-,-,"4,028,000","-2,607,000","-2,607,000",-,"-910,000","-910,000","56,998,000","-57,908,000",-,-,-,"-89,000",-,-,-,-,-,"-82,000",-,-,"343,500",-,"2,699,000","107,000","2,592,000",-,-,-,-,-,"56,998,000","-57,908,000",-,"269,000"
113,12/31/1994,"174,000","174,000","28,600","134,000",-,"121,000",-,"61,000","61,000","62,000","62,000","-111,600",-,-,-,-,-,-,-,-,-,"18,000","18,000",-,-,-,-,"234,900","14,246,100","-14,011,200",-,-,-,-,-,-,-,"-216,900","462,000","462,000",-,"425,000","1,060,000","31,909,000","-30,849,000","-635,000",-,-,"-48,000",-,-,-,-,-,"-82,000",-,-,"-1,278,000",-,"2,592,000","654,000","1,938,000",-,-,-,-,-,"31,909,000","-30,849,000",-,"174,000"
114,9/30/1994,"527,000","527,000","188,000","24,000",-,"44,000",-,"59,000","59,000","-27,000","-27,000","854,000",-,-,-,-,-,-,-,-,-,"-491,000","-491,000",-,-,-,-,"1,124,000","-3,739,000","4,863,000",-,-,-,-,-,-,-,"-1,615,000","-87,000","-87,000",-,"-1,199,000","-1,898,000","33,098,000","-34,996,000","699,000",-,-,"-11,000",-,-,-,-,-,"-75,000",-,-,"575,000",-,"1,938,000","-51,000","1,989,000",-,-,-,-,-,"33,098,000","-34,996,000",-,"527,000"
115,6/30/1994,"771,000","771,000","187,800","-35,000",-,0,-,"70,000","70,000","5,000","5,000","-67,800",-,-,-,"611,000",-,-,-,-,-,"-2,260,000","-2,260,000",-,-,-,-,"-1,747,000","-4,240,000","2,493,000",-,-,-,-,-,-,-,"-513,000","942,000","942,000",-,"2,769,000","2,038,000","28,109,000","-26,071,000","731,000",-,-,"10,000",-,-,-,-,-,"-77,000",-,-,"85,000",-,"1,989,000","-547,000","2,536,000",-,-,-,-,-,"28,109,000","-26,071,000",-,"771,000"
116,3/31/1994,"32,000","32,000","205,700","-49,000",-,"-30,000",-,"56,000","56,000","-8,000","-8,000","-132,700",-,-,-,"-40,000",-,-,-,-,-,"793,000","793,000",-,-,-,-,"352,000","-8,011,000","8,363,000",-,-,-,-,-,-,-,"441,000","-106,000","-106,000",-,"1,124,000","1,207,000","26,803,000","-25,596,000","-83,000",-,-,"4,000",-,-,-,-,-,"-75,000",-,-,"-480,000",-,"2,536,000","719,000","1,817,000",-,-,-,-,-,"26,803,000","-25,596,000",-,"32,000"
117,12/31/1993,"-3,539,000","-3,539,000","171,500","-7,000",-,"-4,000",-,"33,000","33,000",0,0,"-3,759,500",-,-,-,"23,000",-,-,-,-,-,"1,856,000","1,856,000",-,-,-,-,"5,211,000","-15,701,000","20,912,000",-,-,-,-,-,-,-,"-3,355,000","1,758,000","1,758,000",-,"2,800,000","2,832,000","18,776,000","-15,944,000","-32,000",-,-,"7,000",-,-,-,-,-,"-75,000",-,-,"-2,521,000",-,"1,817,000","75,000",0,-,-,-,-,-,"18,776,000","-15,944,000",-,"-3,539,000"
118,9/30/1993,"2,774,000","2,774,000","217,600","-80,000",-,"-72,000",-,"21,000","21,000","-51,000","-51,000","2,689,400",-,-,-,"-23,000",-,-,-,-,-,"-2,730,000","-2,730,000",-,-,-,-,"-1,433,000","-3,648,000","2,215,000",-,-,-,-,-,-,-,"-1,297,000","-655,000","-655,000",-,"1,879,000","1,908,000","18,079,000","-16,171,000","-29,000",-,-,"6,000",-,-,-,-,-,"-67,000",-,-,"-1,486,000",-,0,"-611,000",0,"611,000",-,-,-,-,"18,079,000","-16,171,000",-,"2,774,000"
119,6/30/1993,"-216,000","-216,000","169,200","-4,000",-,"-3,000",-,"41,000","41,000","11,000","11,000","-483,200",-,-,-,"50,000",-,-,-,-,-,"13,000","13,000",-,-,-,-,"1,666,000","-1,295,000","2,961,000",-,-,-,-,-,-,-,"-1,653,000","818,000","818,000",-,"3,007,000","3,382,000","12,499,000","-9,117,000","-375,000",-,-,"7,000",-,-,-,-,-,"-67,000",-,-,"-2,469,000",-,0,"615,000",0,"-616,000",-,-,-,-,"12,499,000","-9,117,000",-,"-216,000"
120,3/31/1993,"1,942,000","1,942,000","187,000","-113,000",-,"-109,000",-,"53,000","53,000","-21,000","-21,000","1,781,000",-,-,-,"55,000",-,-,-,-,-,"-2,169,000","-2,169,000",-,-,-,-,"-4,740,000","-4,815,000","75,000",-,-,-,-,-,-,-,"2,571,000","-152,000","-152,000",-,"-1,736,000","-1,706,000","7,971,000","-9,677,000","-30,000",-,-,"14,000",-,-,-,-,-,"-67,000",-,-,"2,936,000",-,0,"-379,000","2,116,000","-1,737,000",-,-,-,-,"7,971,000","-9,677,000",-,"1,942,000"
121,12/31/1992,"494,800","494,800","136,900","-58,200",-,"-54,300",-,"43,200","43,200","-8,200","-8,200","364,700",-,-,-,"16,400",-,-,-,-,-,"-2,147,500","-2,147,500",-,-,-,-,"-1,038,800","-2,473,100","1,434,300",-,-,-,-,-,-,-,"-1,108,700","2,294,000","2,294,000",-,"906,500","517,000","8,781,800","-8,264,800","389,500",-,-,"24,600",-,-,-,-,-,"-64,300",-,-,"1,001,600",-,0,"641,400",0,"-641,400",-,-,-,-,"8,781,800","-8,264,800",-,"494,800"
122,9/30/1992,"812,400","812,400","135,000","-37,600",-,"-27,400",-,"36,600","36,600",-300,-300,"692,200",-,-,-,"-13,500",-,-,-,-,-,"-1,227,200","-1,227,200",-,-,-,-,"-1,762,700","-2,902,000","1,139,300",-,-,-,-,-,-,-,"535,500","-27,000","-27,000",-,"889,300","669,500","10,962,000","-10,292,500","219,800",-,-,"3,800",-,-,-,-,-,"-58,500",-,-,"435,900",-,0,"-441,900",0,"441,900",-,-,-,-,"10,962,000","-10,292,500",-,"812,400"
123,6/30/1992,"1,965,100","1,965,100","129,800","-57,000",-,"-51,400",-,"30,900","30,900","-18,400","-18,400","1,919,300",-,-,-,"-39,500",-,-,-,-,-,"-3,129,000","-3,129,000",-,-,-,-,"-2,299,500","-3,371,400","1,071,900",-,-,-,-,-,-,-,"-829,500","1,320,700","1,320,700",-,"2,817,500","2,925,200","9,827,500","-6,902,300","-107,700",-,-,"15,900",-,-,-,-,-,"-58,100",-,-,"-396,200",-,0,"156,700",0,"-156,700",-,-,-,-,"9,827,500","-6,902,300",-,"1,965,100"
124,3/31/1992,"320,900","320,900","127,700","-84,500",-,"-81,000",-,"26,300","26,300","-9,000","-9,000","210,900",-,-,-,"49,500",-,-,-,-,-,"561,300","561,300",-,-,-,-,"-1,059,600","-4,354,700","3,295,100",-,-,-,-,-,-,-,"1,620,900","-1,223,000","-1,223,000",-,"-2,301,600","-2,221,800","6,243,300","-8,465,100","-79,800",-,-,"16,300",-,-,-,-,-,"-57,900",-,-,"1,983,900",100,0,"-340,700","2,101,000","-1,760,300",-,-,-,-,"6,243,300","-8,465,100",-,"320,900"
125,12/31/1991,"171,200","171,200","100,600","-232,900",-,"-226,200",-,"11,400","11,400","19,500","19,500","298,000",-,-,-,"-25,400",-,-,-,-,-,"-2,644,200","-2,644,200",-,-,-,-,"-2,207,800","-2,957,200","749,400",-,-,-,"-33,000",-,-,-,"-403,400","2,542,600","2,542,600",-,"1,742,100","2,165,700","35,279,300","-33,113,600","-423,600",-,-,"441,200",-,-,-,-,-,"-52,000",-,-,"164,700",-,0,"69,500",0,"-69,500",-,-,"-33,000",-,"35,279,300","-33,113,600",-,"138,200"
126,9/30/1991,"211,700","211,700","107,200","-116,400",-,"-22,900",-,"21,500","21,500","-2,100","-2,100","192,700",-,-,-,"8,800",-,-,-,-,-,"-409,200","-409,200",-,-,-,-,"-1,386,900","-3,046,900","1,660,000",-,-,-,"-43,800",-,-,-,"1,021,500","304,000","304,000",-,"738,100","8,000","53,600","-45,600","730,100",-,-,"5,300",-,-,-,-,-,"-51,900",-,-,"56,500",0,0,"106,500",0,"-106,500",-,-,"-43,800",-,"53,600","-45,600",-,"167,900"
127,6/30/1991,"356,200","356,200","93,600","-30,700",-,"-22,900",-,"20,300","20,300","2,200","2,200","280,000",-,-,-,"-9,200",-,-,-,-,-,"689,200","689,200",-,-,-,-,"-274,900","-2,234,800","1,959,900",-,-,-,"-14,400",-,-,-,"978,500","-989,000","-989,000",-,"285,100","30,700","211,300","-180,600","254,400",-,-,"8,400",-,-,-,-,-,"-51,800",-,-,"-353,200",200,0,"56,600",0,"-56,600",-,-,"-14,400",-,"211,300","-180,600",-,"341,800"
128,3/31/1991,"133,700","133,700","88,400","-32,300",-,"-22,400",-,"18,300","18,300","1,000","1,000","69,400",-,-,-,"-11,100",-,-,-,-,-,"2,891,400","2,891,400",-,-,-,-,"1,720,900","-1,372,500","3,093,400",-,-,-,"-18,300",-,-,-,"1,188,800","-3,717,300","-3,717,300",-,"-351,100","81,600","163,200","-81,600","-432,700",-,-,"9,500",-,-,-,-,-,"-51,400",-,-,"-1,367,000",-100,0,"-692,300","2,560,700","-1,868,400",-,-,"-18,300",-,"163,200","-81,600",-,"115,400"
129,12/31/1990,"271,700","271,700","-168,400","-5,000",-,"-1,700",-,"27,400","27,400","-93,600","-93,600","527,900",-,-,-,"-16,600",-,-,-,-,-,"-12,800","-12,800",-,-,-,-,"317,400","-2,146,700","2,464,100",-,-,-,"-33,700",-,-,-,"-296,500","296,300","296,300",-,"-283,800","182,200","325,800","-143,600","-466,000",-,-,"2,400",-,-,-,-,-,"-51,200",-,-,"-504,200",-,0,"555,200",0,"-555,200",-,-,"-33,700",-,"325,800","-143,600",-,"238,000"
130,9/30/1990,"99,000","99,000","55,900","-17,800",-,"-3,500",-,"19,300","19,300","-8,900","-8,900","34,500",-,-,-,"16,000",-,-,-,-,-,"1,924,900","1,924,900",-,-,-,-,"1,932,600","-2,226,900","4,159,500",-,-,-,"29,100",-,-,-,"-36,800","-2,220,800","-2,220,800",-,"-928,400","166,400","351,500","-185,100","-1,094,800",-,-,"6,300",-,-,-,-,-,"-51,100",-,-,"-1,117,800",-,0,"-197,000",0,"197,000",-,-,-,-,"351,500","-185,100",-,"128,100"
131,6/30/1990,"324,600","324,600","108,900","-15,300",-,"-15,600",-,"18,200","18,200","14,600","14,600","204,900",-,-,-,"-6,700",-,-,-,-,-,"-1,250,800","-1,250,800",-,-,-,-,"-1,013,400","-796,600","-216,800",-,-,-,"-54,300",-,-,-,"-183,100","1,198,800","1,198,800",-,"990,400","-5,100","-117,500","112,400","995,500",-,-,"6,300",-,-,-,-,-,"-50,900",-,-,"3,400",0,0,"272,600",0,"-272,600",-,-,"-54,300",-,"-117,500","112,400",-,"270,300"
132,3/31/1990,"173,500","173,500","74,500","5,300",-,"-5,400",-,"20,900","20,900","2,700","2,700",100,-,-,-,"70,000",-,-,-,-,-,"-1,772,700","-1,772,700",-,-,-,-,"-1,549,600","-3,677,200","2,127,600",-,-,-,"-33,700",-,-,-,"-189,400","937,100","937,100",-,"53,600","13,300","38,100","-24,800","40,300",-,-,"16,300",-,-,-,-,-,"-50,800",-,-,"250,700",100,0,"-662,000","2,591,800","-1,929,800",-,-,"-33,700",-,"38,100","-24,800",-,"139,800"
133,12/31/1989,"114,500","114,500","1,400","-11,600",-,"-10,100",-,"19,500","19,500","-24,800","-24,800","154,900",-,-,-,"-24,900",-,-,-,-,-,"-2,258,700","-2,258,700",-,-,-,-,"-1,540,000","-4,479,900","2,939,900",-,-,-,"-28,000",-,-,-,"-690,700","2,457,800","2,457,800",-,"-935,400","64,800","143,500","-78,700","-1,000,200",-,-,"-2,500",-,-,-,-,-,"-50,800",-,-,"2,386,000",-,0,"313,700",0,"-313,700",-,-,"-28,000",-,"143,500","-78,700",-,"86,500"
