,Breakdown,Total Revenue,Net Interest Income,Interest Income,Interest Income from Loans And Lease,Interest Income from Loans,Interest Income from Securities,Interest Income from Deposits,Interest Income from Federal Funds Sold And Securities Purchase Under Agreements To Resell,Other Interest Income,Interest Expense,Interest Expense for Deposit,Interest Expense for Short Term Debt,Interest Expense for Long Term Debt And Capital Securities,Interest Expense for Federal Funds Sold And Securities Purchase Under Agreements To Resell,Other Interest Expense,Non Interest Income,Total Premiums Earned,Fees And Commissions,Fees & Commission Income,Service Charge on Depositor Accounts,Trust Fees by Commissions,Other Customer Services,Fees & Commission Expense,Dividend Income,Foreign Exchange Trading Gains,Gain Losson Saleof Assets,Gain on Sale of Security,Gain on Saleof Loans,Gain on Saleof Investment Property,Other Non Interest Income,Credit Losses Provision,Non Interest Expense,Occupancy And Equipment,Net Occupancy Expense,Equipment,Professional Expense And Contract Services Expense,Selling General and Administrative,General & Administrative Expense,Salaries and Wages,Insurance & Claims,Other G and A,Depreciation Amortization Depletion,Depreciation & amortization,Amortization,Amortization of Intangibles,Securities Amortization,Other Non Interest Expense,Income from Associates & Other Participating Interests,Special Income Charges,Gain on Sale of Business,Impairment of Capital Assets,Loss on Extinguishment of Debt,Other Special Charges,Other Non Operating Income Expenses,Pretax Income,Tax Provision,Net Income Common Stockholders,Net Income,Net Income Including Non-Controlling Interests,Net Income Continuous Operations,Net Income Extraordinary,Preferred Stock Dividends,Average Dilution Earnings,Diluted NI Available to Com Stockholders,Basic EPS,Diluted EPS,Basic Average Shares,Diluted Average Shares,INTEREST_INCOME_AFTER_PROVISION_FOR_LOAN_LOSS,Net Income from Continuing & Discontinued Operation,Normalized Income,Total Money Market Investments,Reconciled Depreciation,Net Income from Continuing Operation Net Minority Interest,Total Unusual Items Excluding Goodwill,Total Unusual Items,Tax Rate for Calcs,Tax Effect of Unusual Items
0,ttm,"2,319,039","2,045,881","2,321,231","2,048,301","2,048,301","202,050","41,113","29,767",-,"275,350","251,838",-,"7,349","16,163",-,"273,158",-,"169,700","195,208","167,643","27,565",-,"25,508",-,"48,158","43,811","37,400","6,411",-,"11,489","-73,500","833,885","90,760","62,501","28,259",-,"497,084","497,084","477,635","19,449","14,517",-,-,-,-,"113,358","132,683",-,0,-,-,0,-,-,"1,411,654","283,571","1,128,083","1,128,083","1,128,083","1,128,083",-,-,-,"1,128,083",-,-,-,-,"1,972,381","1,128,083","1,128,083","70,880","159,851","1,128,083",0,0,0,0
1,3/31/2023,"650,230","599,861","835,506","728,386","728,386","66,970","35,647","4,503",-,"235,645","216,794",-,"8,974","9,877",-,"50,369",-,"38,984","48,593","42,289","6,304",-,"9,609",-,"12,660","-5,537","-5,515",-22,-,"4,262","-20,000","204,966","22,947","15,587","7,360",-,"137,564","137,564","129,654","7,910",-,-,-,-,-,"10,110","34,345",-,"-3,872",-,-,"3,872",-,-,"421,392","98,953","322,439","322,439","322,439","322,439",-,-,-,"322,439",2.28,2.27,"141,112","141,913","579,861","322,439","325,402","40,150",-,"322,439","-3,872","-3,872",0,-909.2389
2,12/31/2022,"661,997","605,507","761,212","671,323","671,323","59,841","23,986","6,062",-,"155,705","147,467",-,"2,357","5,881",-,"56,490",-,"39,085","47,522","41,451","6,071",-,"8,437",-,"14,015",932,489,443,-,"2,458","-25,000","248,673","23,152","15,648","7,504",-,"128,993","128,993","120,422","4,930","3,641",-,-,-,-,"64,605","31,923",-,-,-,-,-,-,-,"388,324","51,561","336,763","336,763","336,763","336,763",-,-,-,"336,763",2.39,2.37,"140,947","142,138","580,507","336,763","336,763","30,048","77,871","336,763",-,-,0,0
3,9/30/2022,"620,654","551,809","628,236","560,452","560,452","51,092","9,080","6,769",843,"76,427","68,894",-,"1,935","5,598",-,"68,845",-,"46,121","52,828","43,925","8,903",-,"6,707",-,"10,083","10,310","8,181","2,129",-,"2,331","-27,000","209,266","22,809","15,920","6,889","2,309","136,180","136,180","127,580","4,875","3,725",-,-,-,-,"19,874","28,094",-,-,-,-,-,-,-,"384,388","89,049","295,339","295,339","295,339","295,339",-,-,-,"295,339",2.10,2.08,"140,917","142,011","524,809","295,339","295,339","15,849","33,069","295,339",-,-,0,0
4,6/30/2022,"545,725","472,952","499,754","439,416","439,416","46,176","4,787","8,553",822,"26,802","22,488",241,"1,655","2,659",-,"72,773",-,"43,382","49,053","42,514","6,539",-,"5,671",-,"11,361","15,609","14,692",917,-,"2,421","-13,500","176,210","15,469","15,469","6,572","3,068","128,349","128,349","113,364","4,927","10,058",-,-,-,-,"14,979","29,324",-,-,-,-,-,-,"-14,979","341,036","82,707","258,329","258,329","258,329","258,329",-,-,-,"258,329",1.83,1.81,"141,429","142,372","459,452","258,329","258,329","13,340","22,356","258,329",-,-,0,0
5,3/31/2022,"490,663","415,613","432,029","377,110","377,110","43,276","3,260","8,383",-,"16,416","12,989",9,"1,402","2,025",-,"75,050",-,"41,112","45,805","39,753","6,052",-,"4,693",-,"12,699","16,960","14,038","2,922",-,"4,279","-8,000","184,757","22,758","15,464","7,294","2,551","124,651","124,651","116,269","4,717","3,665",-,-,-,-,"13,900","20,897",-,-,-,-,-,-,-,"297,906","60,254","237,652","237,652","237,652","237,652",-,-,-,"237,652",1.67,1.66,"142,025","143,223","407,613","237,652","237,652","11,643","26,555","237,652",-,-,0,0
6,12/31/2021,"472,879","405,697","422,708","366,936","366,936","42,860","3,750","9,162",-,"17,011","13,369",0,"1,624","2,018",-,"67,182",-,"41,751","46,058","40,767","5,291",-,"4,307",-,"13,343","7,612","5,304","2,308",-,"4,476","10,000","205,798","23,340","15,846","7,494","3,714","123,690","123,690","114,743","4,772","4,175",-,-,-,-,"31,800","23,254",-,0,-,-,0,-,-,"277,081","59,285","217,796","217,796","217,796","217,796",-,-,-,"217,796",1.53,1.52,"141,907","143,323","415,697","217,796","217,796","12,912","40,421","217,796",0,0,0,0
7,9/30/2021,"464,679","395,706","415,307","363,503","363,503","38,326","4,521","8,957",-,"19,601","15,970",0,"1,619","2,012",-,"68,973",-,"37,486","41,622","36,024","5,598",-,"4,136",-,"13,101","16,188","12,859","3,329",-,"2,198","10,000","201,248","24,277","15,851","8,426","3,998","113,967","113,967","105,751","4,641","3,575",-,-,-,-,"38,008","20,998",-,0,-,-,0,-,-,"273,431","47,982","225,449","225,449","225,449","225,449",-,-,-,"225,449",1.59,1.57,"141,880","143,143","405,706","225,449","225,449","13,478","45,969","225,449",0,0,0,0
8,6/30/2021,"441,087","376,473","399,333","352,453","352,453","35,231","3,628","8,021",-,"22,860","17,998",0,"2,871","1,991",-,"64,614",-,"42,568","46,385","38,434","7,951",-,"3,817",-,"13,007","6,547","5,056","1,491",-,"2,492","15,000","185,706","22,898","15,377","7,521","3,843","113,735","113,735","105,426","4,274","4,035",-,-,-,-,"27,291","17,939",-,0,-,-,0,-,-,"270,381","45,639","224,742","224,742","224,742","224,742",-,-,-,"224,742",1.58,1.57,"141,868","143,040","391,473","224,742","224,742","11,649","32,912","224,742",0,0,0,0
9,3/31/2021,"422,669","353,695","381,386","342,008","342,008","29,647","3,632","6,099",-,"27,691","21,822",42,"3,849","2,020",-,"68,974",-,"36,759","40,651","33,740","6,911",-,"3,892",-,"9,526","19,895","18,114","1,781",-,"2,794",0,"161,827","15,922","15,922","7,159","2,977","123,321","123,321","107,808","3,876","11,637",-,-,-,-,"25,358","19,607",-,-,-,-,-,-,"-25,358","235,484","30,490","204,994","204,994","204,994","204,994",-,-,-,"204,994",1.45,1.44,"141,646","142,844","353,695","204,994","204,994","9,731","37,490","204,994",-,-,0,0
10,12/31/2020,"412,912","346,581","381,348","348,578","348,578","23,357","4,458","4,955",-,"34,767","28,142",276,"4,269","2,356",-,"66,331",-,"33,639","37,140","32,643","4,497",-,"3,501",-,"6,679","20,446","17,388","3,058",-,"5,567","-24,340","162,887","16,548","16,548","7,027","3,210","121,129","121,129","105,400","3,995","11,734",-,-,-,-,"12,263","22,000",-,0,-,-,0,-,"-12,263","213,422","49,338","164,084","164,084","164,084","164,084",-,-,-,"164,084",1.16,1.15,"141,564","142,529","322,241","164,084","164,084","9,413","23,819","164,084",0,0,0,0
11,9/30/2020,"370,597","324,130","365,728","336,542","336,542","18,846","5,045","5,295",-,"41,598","33,798",407,"5,238","2,562",-,"46,467",-,"32,749","35,862","31,309","4,553",-,"3,113",-,"3,310","6,913","6,552",361,-,"3,495","-10,000","152,251","16,648","16,648","8,539","2,590","115,891","115,891","99,756","4,006","12,129",-,-,-,-,"12,286","17,122",-,0,-,-,0,-,"-12,286","196,060","36,523","159,537","159,537","159,537","159,537",-,-,-,"159,537",1.13,1.12,"141,498","142,043","314,130","159,537","159,537","10,340","27,163","159,537",0,0,0,0
12,6/30/2020,"399,059","343,775","398,776","367,393","367,393","21,305","4,564","5,514",-,"55,001","46,399",265,"4,797","3,805",-,"55,284",-,"32,556","35,909","32,818","3,091",-,"3,353",-,"4,562","16,845","16,713",132,-,"1,321","-102,443","150,844","16,217","16,217","7,301","2,943","112,436","112,436","96,955","3,700","11,781",-,-,-,-,"24,759","19,248",-,"-8,740",-,-,"8,740",-,"-24,759","112,273","12,921","99,352","99,352","99,352","99,352",-,-,-,"99,352",0.70,0.70,"141,486","141,827","241,332","99,352","107,087","10,078","37,740","99,352","-8,740","-8,740",0,"-1,005"
13,3/31/2020,"413,193","362,707","449,190","411,869","411,869","20,588","11,168","5,565",-,"86,483","76,403",-,"5,533","4,547",-,"50,486",-,"28,014","31,577","26,220","5,357",-,"3,563",-,"7,819","11,473","10,523",950,-,"3,180","-73,870","175,313","23,242","17,076","6,166","4,414","109,213","109,213","101,960","3,427","3,826",-,-,-,-,"17,325","21,119",-,-,-,-,-,-,-,"164,010","19,186","144,824","144,824","144,824","144,824",-,-,-,"144,824",1.00,1.00,"144,814","145,285","288,837","144,824","144,824","16,733","31,186","144,824",-,-,0,0
14,12/31/2019,"427,417","368,219","467,233","425,773","425,773","20,786","14,925","5,749",-,"99,014","89,013",-,"6,215","3,786",-,"59,198",-,"27,553","31,302","27,087","4,215",-,"3,749",-,"6,032","22,438","21,370","1,068",-,"3,175","-18,577","189,624","24,764","17,138","7,626","5,300","108,010","108,010","101,051","3,371","3,588",-,-,-,-,"27,038","24,512",-,66,0,-,-,-66,-,"219,282","31,067","188,215","188,215","188,215","188,215",-,-,-,"188,215",1.29,1.29,"145,624","146,318","349,642","188,215","188,158","20,674","40,958","188,215",66,66,0,9.372
15,9/30/2019,"417,649","369,807","476,912","433,658","433,658","16,601","19,772","6,881",-,"107,105","96,820",-,"6,664","3,621",-,"47,842",-,"26,021","29,605","24,764","4,841",-,"3,584",-,"8,065","10,518","8,481","2,037",-,"3,238","-38,284","173,046","24,468","17,912","6,556","4,279","104,697","104,697","97,819","3,550","3,328",-,-,-,-,"16,833","22,769",-,48,0,-,-,-48,-,"206,367","34,951","171,416","171,416","171,416","171,416",-,-,-,"171,416",1.18,1.17,"145,559","146,120","331,523","171,416","171,376","26,653","31,107","171,416",48,48,0,8.112
16,6/30/2019,"416,747","367,326","474,844","434,450","434,450","16,190","16,861","7,343",-,"107,518","97,964",-,"5,724","3,830",-,"49,421",-,"26,492","29,830","26,030","3,800",-,"3,338",-,"7,286","11,860","11,845",15,-,"3,783","-19,245","174,325","23,573","17,362","6,211","4,424","106,910","106,910","100,531","2,919","3,460",-,-,-,-,"16,739","22,679",-,0,0,-,-,-,-,"223,177","72,797","150,380","150,380","150,380","150,380",-,-,-,"150,380",1.03,1.03,"145,546","146,052","348,081","150,380","150,380","24,204","32,615","150,380",0,0,0,0
17,3/31/2019,"401,088","362,461","463,311","423,534","423,534","16,461","15,470","7,846",-,"100,850","92,005",-,"4,737","4,108",-,"38,627",-,"24,745","28,249","24,437","3,812",-,"3,504",-,"5,015","5,692","4,777",915,-,"3,175","-22,579","183,418","23,396","17,318","6,078","4,284","108,544","108,544","102,299","3,088","3,157",-,-,-,-,"24,905","22,289",-,0,0,-,-,-,-,"195,091","31,067","164,024","164,024","164,024","164,024",-,-,-,"164,024",1.13,1.12,"145,256","145,921","339,882","164,024","164,024","23,316","39,498","164,024",0,0,0,0
18,12/31/2018,"406,987","369,416","457,334","414,517","414,517","16,207","18,791","7,819",-,"87,918","79,319",-,"4,579","4,020",-,"37,571",-,"35,901","38,944","9,512","2,796","26,636","3,043",-,-,"1,670",161,"1,509",-,-,"-17,959","185,054","24,222","18,017","6,205","3,569","100,043","100,043","93,790","3,093","3,160",-,-,-,-,"30,958","26,262",-,"1,081",0,-,-,"-1,081",-,"205,055","32,037","173,018","173,018","173,018","173,018",-,-,-,"173,018",1.19,1.18,"144,960","146,133","351,457","173,018","172,110","26,610","43,722","173,018","1,081","1,081",0,172.96
19,9/30/2018,"389,220","348,720","422,185","385,538","385,538","15,901","13,353","7,393",-,"73,465","65,032",-,"4,424","4,009",-,"40,500",-,"39,320","41,920","9,777","3,535","28,608","2,600",-,-,"1,180",35,"1,145",-,-,"-10,542","177,215","22,770","17,292","5,478","4,227","106,035","106,035","96,733","6,013","3,289",-,-,-,-,"20,789","23,394",-,"3,402",0,-,-,"-3,402",-,"204,865","33,563","171,302","171,302","171,302","171,302",-,-,-,"171,302",1.18,1.17,"144,921","146,173","338,178","171,302","168,444","20,746","33,448","171,302","3,402","3,402",0,544.32
20,6/30/2018,"385,911","341,679","400,311","365,555","365,555","15,859","11,715","7,182",-,"58,632","51,265",-,"4,201","3,166",-,"44,232",-,"41,668","44,590","10,140","4,501","29,949","2,922",-,-,"2,564",210,"2,354",-,-,"-15,536","174,497","22,256","16,707","5,549","7,957","103,024","103,024","93,865","5,832","3,327",-,-,-,-,"20,481","20,779",-,"1,114",0,-,-,"-1,114",-,"196,992","24,643","172,349","172,349","172,349","172,349",-,-,-,"172,349",1.19,1.18,"144,899","146,091","326,143","172,349","171,380","18,897","32,471","172,349","1,114","1,114",0,144.82
21,3/31/2018,"365,902","326,693","371,873","337,904","337,904","16,090","10,945","6,934",-,"45,180","39,136",-,"3,731","2,313",-,"39,209",-,"35,498","38,177","10,430","2,953","24,794","2,679",-,-,"3,711","2,129","1,582",-,-,"-20,218","166,456","21,934","16,880","5,054","4,607","104,908","104,908","95,234","6,273","3,401",-,-,-,-,"17,400","17,607",-,"32,556","31,470",-,-,"-1,086",-,"211,784","24,752","187,032","187,032","187,032","187,032",-,-,-,"187,032",1.29,1.28,"144,664","145,939","306,475","187,032","158,383","17,879","29,858","187,032","32,556","32,556",0,"3,907"
22,12/31/2017,"359,109","319,701","359,765","326,401","326,401","15,399","11,092","6,873",-,"40,064","34,588",-,"3,412","2,064",-,"39,408",-,"35,894","38,549","10,691","2,950","24,908","2,655",-,-,"3,514","1,304","2,210",-,-,"-15,517","172,761","21,452","17,092","4,360","6,661","99,796","99,796","90,361","6,351","3,084","1,621","1,621","1,621","1,621","21,891","21,340",-,"3,296",0,-,-,"-3,296",-,"174,127","89,229","84,898","84,898","84,898","84,898",-,-,-,"84,898",0.59,0.58,"144,542","146,030","304,184","84,898","82,920","17,965","1,621","84,898","3,296","3,296",0,"1,318"
23,9/30/2017,"345,516","303,155","339,910","306,939","306,939","15,440","9,630","7,901",-,"36,755","31,086",-,"3,335","2,334",-,"42,361",-,"38,461","40,874","10,803","3,615","26,456","2,413",-,-,"3,900","1,539","2,361",-,-,"-12,996","162,086","21,028","16,635","4,393","7,403","88,263","88,263","79,583","5,676","3,004","1,735","1,735","1,735","1,735","23,827","19,830",-,"4,850","3,807",-,-,"-1,043",-,"175,284","42,624","132,660","132,660","132,660","132,660",-,-,-,"132,660",0.92,0.91,"144,498","145,882","290,159","132,660","128,989","17,531","1,735","132,660","4,850","4,850",0,"1,179"
24,6/30/2017,"333,944","290,091","322,775","293,039","293,039","14,331","7,552","7,853",-,"32,684","27,045",-,"3,114","2,525",-,"43,853",-,"39,587","42,092","10,700","3,537","27,855","2,505",-,-,"4,266","2,720","1,546",-,-,"-10,685","166,616","21,016","15,554","5,462","7,321","89,581","89,581","80,744","5,779","3,058","1,762","1,762","1,762","1,762","27,872","19,064",-,"1,042",-,-,-,"-1,042",-,"157,685","39,355","118,330","118,330","118,330","118,330",-,-,-,"118,330",0.82,0.81,"144,485","145,740","279,406","118,330","117,549","15,405","1,762","118,330","1,042","1,042",0,260.5
25,3/31/2017,"313,773","272,122","302,669","272,061","272,061","16,024","5,116","9,468",-,"30,547","23,672",-,"3,319","3,556",-,"41,651",-,"36,423","38,788","10,296","4,530","23,962","2,365",-,-,"5,228","2,474","2,754",-,-,"-7,068","150,708","19,608","15,640","3,968","4,981","93,479","93,479","84,603","5,929","2,947","1,817","1,817","1,817","1,817","14,360","16,463",-,"72,007",-,-,-,"-72,007",-,"228,004","58,268","169,736","169,736","169,736","169,736",-,-,-,"169,736",1.18,1.16,"144,249","145,732","265,054","169,736","116,163","14,584","1,817","169,736","72,007","72,007",0,"18,434"
26,12/31/2016,"318,783","272,702","302,127","272,188","272,188","17,385","4,486","8,068",-,"29,425","23,516",-,"2,723","3,186",-,"46,081",0,"45,067","47,786","10,195","3,378","34,213","2,719",-,-,"1,014","1,894",-880,-,-,"-10,461","147,185","19,481","15,834","3,647","-6,158","88,858","88,858","79,949","5,938","2,971",-,-,-,-,"24,576","20,428",-,0,-,-,0,-,-,"161,137","50,403","110,734","110,734","110,734","110,734",-,-,-,"110,734",0.77,0.76,"144,166","145,703","262,241","110,734","110,734","12,554","64,035","110,734",0,0,0,0
27,9/30/2016,"300,407","254,148","280,317","255,316","255,316","17,167",-,"7,834",-,"26,169","21,049",212,"2,589","2,531",-,"46,259",0,"42,311","45,393","10,408","4,033","30,952","3,082",-,-,"3,948","1,790","2,158",-,-,"-9,525","167,418","18,787","15,456","3,331","9,955","84,221","84,221","75,042","6,450","2,729",-,-,-,-,"34,641","19,814",-,0,-,-,0,-,-,"123,464","13,321","110,143","110,143","110,143","110,143",-,-,-,"110,143",0.76,0.76,"144,122","145,238","244,623","110,143","110,143","7,834","43,369","110,143",0,0,0,0
28,6/30/2016,"295,575","253,584","278,865","254,331","254,331","16,566",-,"7,968",-,"25,281","20,362",169,"2,554","2,365",-,"41,991",0,"36,273","38,546","10,353","2,778","25,415","2,273",-,-,"5,718","2,836","2,882",-,-,"-6,053","146,606","15,748","15,748",-,"10,327","82,055","82,055","73,287","5,473","3,295",-,-,-,-,"16,056","22,420",-,0,-,-,0,-,-,"142,916","39,632","103,284","103,284","103,284","103,284",-,-,-,"103,284",0.72,0.71,"144,101","145,078","247,531","103,284","103,284","7,968","26,579","103,284",0,0,0,0
29,3/31/2016,"290,510","252,204","276,172","253,542","253,542","15,953",-,"6,677",-,"23,968","19,297",9,"2,736","1,935",-,"38,306",0,"32,537","34,744","10,222","3,051","21,471","2,207",-,-,"5,769","3,842","1,927",-,"4,875","-1,440","144,399","14,415","14,415",-,"11,459","79,943","79,943","71,837","5,418","2,688",-,-,-,-,"16,259","22,323",-,-,-,-,-,-,-,"144,671","37,155","107,516","107,516","107,516","107,516",-,-,-,"107,516",0.75,0.74,"143,958","144,803","250,764","107,516","107,516","6,677","28,613","107,516",-,-,0,0
30,12/31/2015,"288,624","246,941","270,477","248,638","248,638","15,980",-,"5,859",-,"23,536","19,828",5,"2,290","1,418",-,"41,683","-19,007","42,162","44,962","10,338","3,958","30,666","2,800",-,-,"18,528","13,373","5,155",-,-,"2,000","142,139","15,302","15,302",-,"10,908","76,533","76,533","68,895","5,049","2,589",-,-,-,-,"16,751","22,645",-,0,-,-,0,-,-,"148,485","56,680","91,805","91,805","91,805","91,805",-,-,-,"91,805",0.64,0.63,"143,900","144,686","248,941","91,805","91,805","5,859","27,773","91,805",0,0,0,0
31,9/30/2015,"294,470","240,289","264,632","244,372","244,372","15,849",-,"4,411",-,"24,343","18,519",35,"2,234","3,590",-,"54,181","-3,883","35,645","35,645","9,982","4,374","21,289",-,495,-,"21,924","17,036","4,888",-,"4,708","-7,736","132,552","15,362","15,362",-,"7,082","73,513","73,513","66,185","4,726","2,602",-,-,-,-,"14,579","22,016",-,"-15,193",-,-,"15,193",-,-,"138,989","44,892","94,097","94,097","94,097","94,097",-,-,-,"94,097",0.65,0.65,"143,861","144,590","232,553","94,097","104,383","4,411","22,009","94,097","-15,193","-15,193",0,"-4,907"
32,6/30/2015,"266,335","227,492","255,445","234,049","234,049","16,716",-,"4,680",-,"27,953","18,195",18,"2,207","7,551",-,"38,843","-6,668","34,677","36,427","9,791","4,757","21,879","1,750",-,-,"10,834","5,554","5,280",-,-,"-3,494","111,795","15,185","15,185",-,"6,316","68,578","68,578","62,860","3,341","2,377",-,-,-,-,"5,334","16,382",-,"-6,625",-,-,"6,625",-,-,"144,421","45,673","98,748","98,748","98,748","98,748",-,-,93,"98,748",0.69,0.68,"143,846","144,480","223,998","98,748","103,278","4,680","13,379","98,748","-6,625","-6,625",0,"-2,095"
33,3/31/2015,"277,503","235,717","263,261","241,566","241,566","16,846",-,"4,849",-,"27,544","16,963",-,"2,175","8,406",-,"41,786","-8,422","36,253","38,593","9,384","5,179","24,030","2,340",-,-,"13,955","4,404","9,551",-,"7,362","-4,987","125,690","15,443","15,443",-,"9,301","72,526","72,526","64,253","5,656","2,617",-,-,-,-,"8,690","19,730",-,-,-,-,-,-,-,"146,826","46,799","100,027","100,027","100,027","100,027",-,-,106,"100,027",0.70,0.69,"143,655","144,349","230,730","100,027","100,027","4,849","17,422","100,027",-,-,0,0
34,12/31/2014,"266,459","259,488","287,135","265,892","265,892","15,676",-,"5,567",-,"27,647","16,877",-,"2,220","8,550",-,"6,971","-50,578","22,530","23,364","9,386",-,"13,978",834,125,"4,397","22,665","4,248","18,417",-,"12,229","-19,000","134,412","15,588","15,588",-,"9,767","67,067","67,067","59,369","5,161","2,537",-,-,-,-,"22,392","19,598",-,-,-,-,-,-,-,"113,047","20,049","92,998","92,998","92,998","92,998",-,-,-,"92,998",0.65,0.65,"143,432","144,116","240,488","92,998","92,998","5,567","26,495","92,998",-,-,0,0
35,9/30/2014,"266,189","256,974","285,948","262,258","262,258","16,869",-,"5,344","1,477","28,974","17,158",-,"2,238","9,578",-,"9,215","-38,811","26,396","27,523","9,515",-,"18,008","1,127","4,113","3,454","10,240","2,514","7,726",-,"3,823","-15,225","175,852","15,842","15,842",-,"35,482","65,569","65,569","58,111","5,247","2,211",-,-,-,-,"39,533","19,426",-,-,-,-,-,-,-,"75,112","-13,644","88,756","88,756","88,756","88,756",-,-,-,"88,756",0.64,0.64,"143,210","143,810","241,749","88,756","88,756","5,344","50,995","88,756",-,-,0,0
36,6/30/2014,"252,423","266,450","294,442","269,484","269,484","20,399",-,"4,559","1,555","27,992","15,569",-,"2,234","10,189",-,"-14,027","-57,558","22,078","20,980","9,519",-,"11,461","-1,098",-,"2,841","7,464",671,"6,793",-,"13,989","-8,000","128,997","16,534","16,534",-,"11,432","63,833","63,833","55,081","5,812","2,940",-,-,-,-,"15,475","21,723",-,180,-,-,-,-180,-,"115,606","31,618","83,988","83,988","83,988","83,988",-,-,-,"83,988",0.59,0.58,"143,187","143,689","258,450","83,988","83,857","4,559","28,243","83,988",180,180,0,49.2296
37,3/31/2014,"240,295","257,966","286,173","261,571","261,571","19,749",-,"4,853","1,871","28,207","15,882",-,"2,247","10,078",-,"-17,671","-53,634","16,199","18,774","9,446",-,"9,328","2,575",-,689,"9,614","3,418","6,196",-,"10,150","-6,933","121,852","15,851","15,851",-,"4,848","73,179","73,179","59,277","5,702","8,200",-,-,-,-,"8,464","19,510",-,180,-,-,-,-180,-,"111,690","34,949","76,741","76,741","76,741","76,741",-,-,-,"76,741",0.54,0.54,"141,962","142,632","251,033","76,741","76,617","4,853","21,892","76,741",180,180,0,56.3239
38,12/31/2013,"225,627","265,008","293,203","268,840","268,840","19,259",-,"5,104","1,760","28,195","15,805",-,"2,078","10,312",-,"-39,381","-74,325","17,832","20,443","8,140",-,"12,303","2,611",-,"3,733","4,148",83,"4,065",-,"12,964","-5,466","121,773","14,430","14,430",-,"16,531","53,668","53,668","46,667","4,702","2,299",-,-,-,-,"15,462","21,682",-,176,-,-,-,-176,-,"98,564","22,782","75,782","75,782","75,782","75,782",-,0,-,"75,782",0.55,0.55,"137,157","137,688","259,542","75,782","75,647","5,104","31,262","75,782",176,176,0,40.656
39,9/30/2013,"209,084","254,250","281,706","259,105","259,105","17,433",-,"5,168","2,118","27,456","15,099",-,"2,034","10,323",-,"-45,166","-74,456","16,051","18,803","8,123",-,"10,680","2,752",-,"2,940","5,029","1,084","3,945",-,"8,210","-3,571","97,600","14,697","14,697",-,"10,265","47,832","47,832","41,482","4,191","2,159",-,-,-,-,"7,040","17,766",-,993,-,-,-,-993,-,"108,906","35,749","73,157","73,157","73,157","73,157",-,-,-,"73,157",0.53,0.53,"137,036","137,467","250,679","73,157","72,490","5,168","23,122","73,157",993,993,0,325.704
40,6/30/2013,"211,489","227,644","255,353","234,290","234,290","15,628",-,"5,435","1,742","27,709","15,738",-,"1,754","10,217",-,"-16,155","-47,905","16,255","19,828","8,119",-,"11,709","3,573",-,"3,649","4,991","5,345",-354,-,"10,504","-9,000","90,847","13,706","13,706",-,"6,470","48,101","48,101","42,026","3,875","2,200",-,-,-,-,"7,439","15,131",-,228,-,-,-,-228,-,"111,870","37,855","72,301","74,015","74,015","74,015",-,"1,714",-,"72,301",0.52,0.52,"137,536","137,816","218,644","74,015","73,864","5,435","22,877","74,015",228,228,0,77.064
41,3/31/2013,"203,484","209,291","238,423","217,159","217,159","15,735",-,"5,529","1,249","29,132","16,854",-,"1,749","10,529",-,"-5,807","-31,899","13,520","17,104","7,654",-,"9,450","3,584",-,"2,336","5,671","5,577",94,-,"6,901","-4,327","92,771","13,808","13,808",-,"4,898","51,950","51,950","45,731","3,782","2,437",-,-,-,-,"6,692","15,423",-,124,-,-,-,-124,-,"106,510","34,419","70,377","72,091","72,091","72,091",-,"1,714",-,"70,377",0.51,0.50,"137,648","143,519","204,964","72,091","72,007","5,529","23,908","72,091",124,124,0,40.052
42,12/31/2012,"220,008","244,944","276,521","254,260","254,260","16,471",-,"5,790",-,"31,577","18,352",-,"2,034","11,191",-,"-24,936","-49,731","16,752","19,072","8,322",-,"10,750","2,320",-,"2,642",255,110,145,-,"7,788","-13,084","102,886","14,738","14,738",-,"8,162","47,204","47,204","41,593","3,354","2,257",-,-,-,-,"8,250","24,532",-,"4,162",-,-,-,"-4,162",-,"108,200","36,300","70,185","71,900","71,900","71,900",-,"1,715",-,"70,185",0.50,0.49,"138,802","144,564","231,860","71,900","69,132","5,790","23,558","71,900","4,162","4,162",0,"1,394"
43,9/30/2012,"224,659","221,908","254,162","232,195",-,"15,591",-,"5,530",-,"32,254","18,202",-,"2,388","11,664",-,"2,751",982,"17,330","17,330",-,-,"17,330",-,846,"2,165","5,479",93,"5,346",40,"-20,058","-18,500","100,956","14,162","14,162",-,"10,905","50,294","50,294","40,509","3,461","6,324",-,-,-,-,"6,112","19,483",-,0,-,0,-,-,-,"105,203","34,093","69,396","71,110","71,110","71,110",-,"1,714",-,"69,396",0.49,0.48,"139,621","145,358","203,408","71,110","71,083","5,530","19,267","71,110",40,40,0,12.9627
44,6/30/2012,"221,502","233,157","266,362","238,036",-,"22,687",-,"4,758",-,"33,205","19,177",-,"2,437","11,591",-,"-11,655",959,"10,829","10,829",-,-,"10,829",-,881,"5,101","6,483",71,"6,375",37,"-34,068","-15,500","101,608","13,057","13,057",-,"5,718","52,558","52,558","42,863","3,323","6,372",-,-,-,-,"7,263","23,012",-,0,-,0,-,-,-,"104,394","33,837","68,843","70,557","70,557","70,557",-,"1,714",-,"68,843",0.48,0.47,"142,107","147,786","217,657","70,557","70,532","4,758","20,252","70,557",37,37,0,11.9927
45,3/31/2012,"240,757","218,918","254,050","221,039",-,"27,764",-,"4,314",-,"35,132","20,164",-,"3,244","11,724",-,"21,839",990,"10,302","10,302",-,-,"10,302",-,933,"1,796","5,662",483,"5,179",-,"5,875","-18,100","114,763","13,518","13,518",-,"8,640","57,346","57,346","46,409","3,992","6,945",-,-,-,-,"7,339","27,920",-,-99,-,99,-,-,99,"107,795","39,712","66,369","68,083","68,083","68,083",-,"1,714",-,"66,369",0.46,0.45,"145,347","151,996","200,818","68,083","68,146","4,314","19,459","68,083",-99,-99,0,-36.4719
46,12/31/2011,"230,180","228,244","268,074","232,976",-,"30,325",-,"4,773",-,"39,830","23,782",-,"3,838","12,210",-,"1,936",943,"24,297","24,297",-,-,"24,297",-,830,-,"2,076","2,880","1,432",-,"-35,353","-20,000","106,672","12,729","12,729",-,"5,460","66,024","66,024","41,068","4,077","20,879",-,-,-,-,"5,838","16,621",-,-169,0,169,-,-,169,"103,339","37,133","64,492","66,206","66,206","66,206",-,"1,714",-,"64,492",-,-,-,-,"208,244","66,206","67,747","4,773","18,637","66,206","-2,405","-2,405",0,-864.1932
47,9/30/2011,"224,237","237,782","282,741","244,523",-,"32,369",-,"5,064",-,"44,959","28,216",-,"4,525","12,218",-,"-13,545",982,"10,948","10,948",-,-,"10,948",-,785,-,"8,673","3,191","5,452",30,"-33,166","-22,000","104,552","12,580","12,580",-,"8,122","49,350","49,350","39,885","2,430","7,035",-,-,-,-,"8,354","26,146",-,0,0,0,-,-,-,"97,685","35,253","60,718","62,432","62,432","62,432",-,"1,714",-,"60,718",0.41,0.41,"147,162","153,453","215,782","62,432","62,413","5,064","18,115","62,432",30,30,0,10.8265
48,6/30/2011,"239,827","227,336","274,468","240,773",-,"27,753",-,"5,109",-,"47,132","29,130",-,"5,886","12,116",-,"12,491","1,122","14,523","14,523",-,-,"14,523",-,833,-,"9,177","1,117","5,891","2,169","-11,209","-26,500","117,597","12,175","12,175",-,"9,169","54,087","54,087","40,870","6,833","6,384",-,-,-,-,"7,749","34,417",-,0,0,0,-,-,-,"95,730","35,205","58,811","60,525","60,525","60,525",-,"1,714",-,"58,811",0.40,0.39,"147,011","153,347","200,836","60,525","59,154","5,109","15,279","60,525","2,169","2,169",0,797.6564
49,3/31/2011,"220,339","208,834","254,335","227,526",-,"21,597",-,"4,270",-,"45,501","25,982",-,"7,502","12,017",-,"11,505",984,"12,789","12,789",-,-,-,-,942,-,"9,925","2,515","7,410","2,515","-11,209","-26,506","106,789","12,598","12,598",-,"5,727","56,890","56,890","38,270","7,191","11,429",-,-,-,-,"7,710","29,591",-,-464,0,464,-,-,464,"86,580","30,509","54,356","56,071","56,071","56,071",-,"1,715",-,"54,356",0.37,0.37,"146,837","153,334","182,328","56,071","54,743","4,270","15,429","56,071","2,051","2,051",0,722.7299
50,12/31/2010,"265,069","245,687","291,320","266,776","266,776","21,639",-,"2,905",-,"45,633","25,659",-,"7,756","12,218",-,"19,382",777,"13,105","13,105",-,-,-,-,875,-,"37,502","31,237","6,265",-,"-32,877","-29,834","113,743","13,051",-,-,-,"74,795","74,795","39,001","3,416","32,378",-,-,-,-,"6,152","19,745",-,"-11,037","-4,697","6,340",-,-,"11,037","85,706","29,357","32,240","56,349","56,349","56,349",0,"24,109",-,"32,240",-,-,-,-,"215,853","56,349","63,605","2,905","9,440","56,349","-11,037","-11,037",0,"-3,781"
51,9/30/2010,"210,217","182,805","231,400","210,086","210,086","18,087",-,"2,410",-,"48,595","28,498",-,"7,908","12,189",-,"27,412","1,100","13,231","13,231",-,-,-,-,817,-,"4,177",0,"4,177",-,"10,004","-38,648","99,945","13,963",-,-,-,"53,928","53,928","38,693","5,676","9,559",-,-,-,-,"4,794","27,260","2,791",-888,0,888,-,-,888,"73,527","26,576","40,219","46,951","46,951","46,951",0,"6,732",-,"40,219",0.27,0.27,"146,454","147,113","144,157","46,951","47,518","2,410","14,590","46,951",-888,-888,0,-320.9636
52,6/30/2010,"218,627","203,623","253,533","233,783","233,783","16,243",-,"2,630",-,"49,910","29,132",-,"8,733","12,045",-,"15,004","1,101","13,453","13,453",-,-,-,-,877,-,"8,073",0,"8,073",-,"-6,522","-55,256","125,318","13,115",-,-,-,"57,255","57,255","41,579","4,528","11,148",-,-,-,-,"5,948","49,000","5,847","14,834","19,476","4,642",-,-,"-14,834","58,734","22,386","30,201","36,348","36,348","36,348",0,"6,147",-,"30,201",0.21,0.21,"146,372","147,131","148,367","36,348","27,168","2,630","17,486","36,348","14,834","14,834",0,"5,654"
53,3/31/2010,"241,961","261,724","318,703","287,944","287,944","23,717",-,"6,263",-,"56,979","33,448",-,"10,552","12,541",438,"-19,763","1,105","13,187","13,187",-,-,-,-,779,-,"8,095",0,0,"8,095","-41,045","-76,421","138,910","11,944",-,-,-,"69,890","69,890","50,779","11,581","7,530",-,-,-,-,"6,421","50,655","16,111","-4,799",-,"4,799",-,-,"4,799","37,942","13,026","18,778","24,916","24,916","24,916",-,"6,138",-,"18,778",0.17,0.13,"109,961","146,865","185,303","24,916","22,752","6,263","16,077","24,916","3,296","3,296",0,"1,132"
54,12/31/2009,"693,489","219,130","283,270","250,166","250,166","34,492",-,"3,290",-,"64,140","224,410",-,"15,895","85,733",-,"474,359","1,099","11,907","11,907",-,-,-,-,368,-,"482,913","11,923",-19,-,"-21,928","-140,000","91,102","10,268",-,-,-,"56,040","56,040","29,983","9,123","16,934",-,-,-,-,"10,538","14,256",-,"-45,775",-,"45,775",-,-,"45,775","409,234","149,504","253,601","259,730","259,730","259,730",0,"6,129",-,"253,601",-,-,-,-,"79,130","259,730","-10,155","3,290","65,054","259,730","425,234","425,234",0,"155,349"
55,9/30/2009,"84,000","95,880","147,924","114,512","114,512","28,887",-,"2,153","1,454","52,044","-26,970",-,"12,932","-12,138","78,220","-11,880","1,090","7,890","7,890",-,-,-,-,918,-,8,0,8,-,"-11,880","-159,244","46,064","6,262",-,-,-,"27,479","27,479","15,875","6,057","5,547",-,-,-,-,"2,778","9,545","2,177","-24,249",-,"24,249",-,-,"24,249","-121,308","-52,777","-79,151","-68,531","-68,531","-68,531",0,"10,620",-,"-79,151",-0.91,-0.91,"86,538","86,538","-63,364","-68,531","-68,531","2,153","5,275","-68,531","-24,249","-24,249",0,0
56,6/30/2009,"97,828","87,715","145,788","111,669","111,669","32,827",-,"1,292",-,"58,073","-30,890",-,"15,176","-12,001","85,788","10,113","1,096","8,277","8,277",-,-,-,-,545,-,3,0,3,-,192,"-151,422","57,912","6,297",-,-,-,"31,629","31,629","16,509","9,568","5,552",-,-,-,-,"2,744","17,242","1,680","-37,447",-,"37,447",-,-,"37,447","-147,273","-60,548","-115,714","-92,091","-92,091","-86,725","-5,366","23,623",-,"-115,714",-1.83,-1.83,"63,105","63,105","-63,707","-86,725","-62,384","1,292","5,765","-86,725","-37,447","-37,447",0,"-13,106"
57,3/31/2009,"93,675","79,175","144,417","110,816","110,816","32,351",-,"1,250",-,"65,242","-37,073",-,"16,294","-11,869","97,890","14,500","1,083","8,876","8,876",-,-,-,-,506,-,"3,529","3,521",8,-,506,"-78,000","51,406","7,391",-,-,-,"25,689","25,689","17,108","3,325","5,256","1,125","1,125","1,125","1,125","1,760","15,441",-,-200,-,200,-,-,200,"-35,931","-13,465","-31,209","-22,466","-22,466","-22,466",-,"8,743",-,"-31,209",-0.50,-0.50,"62,998","62,998","1,175","-22,466","-22,341","1,250","5,807","-22,466",-200,-200,0,-74.9492
58,12/31/2008,"85,644","76,854","149,907","120,147","120,147","33,757",-,"-3,997",-,"73,053","41,514",-,"-51,344","82,883",-,"8,790",-,"7,252","7,252",-,-,-,-,-,-,"1,020","1,238",-,-218,518,"-43,000","45,057","6,627",-,-,-,"15,658","15,658","15,658",-,-,-,-,-,-,-,"22,772",-,"-8,795",-,-,-,-,-,"-11,208","-13,574","-3,019","2,366","2,366","2,366",-,"5,385",-,"-3,019",-,-,-,-,"33,854","2,366","8,224","-3,997","5,342","2,366","-9,013","-9,013",0,"-3,155"
59,9/30/2008,"96,532","86,515","159,862","131,682","131,682","25,100",-,"3,080",-,"73,347","40,757",-,"20,097","12,493",-,"10,017",-,"8,387","8,387",-,-,-,-,-,-,188,-,-,188,"1,442","-43,000","48,254","6,817",-,-,-,"17,520","17,520","17,520",-,-,-,-,-,-,-,"23,917",-,"-53,839",-,-,-,-,-,"-48,561","-17,355","-35,295","-31,206","-31,206","-31,206",-,"4,089",-,"-35,295",-0.56,-0.56,"62,675","62,675","43,515","-31,206","3,271","3,080","2,651","-31,206","-53,651","-53,651",0,"-19,174"
60,6/30/2008,"105,559","92,176","167,905","137,997","137,997","26,781",-,"3,127",-,"75,729","43,536",-,"20,535","11,658",-,"13,383",-,"7,799","7,799",-,-,-,-,-,-,"3,433","3,433",-,-,"2,151","-85,000","65,600","6,539",-,-,-,"25,790","25,790","25,790",-,-,-,-,-,-,-,"33,271",-,-,-,-,-,-,-,"-45,041","-19,154","-25,887","-25,887","-25,887","-25,887",-,-,-,"-25,887",-0.41,-0.41,"62,599","62,599","7,176","-25,887","-25,887","3,127","3,967","-25,887",-,-,0,0
61,3/31/2008,"115,544","99,619","187,184","155,434","155,434","27,588",-,"4,162",-,"87,565","52,253",-,"23,405","11,907",-,"15,925",-,"7,919","7,919",-,-,-,-,-,-,"6,189","4,334",-,"1,855","1,817","-55,000","52,902","7,008",-,-,-,"23,268","23,268","23,268",-,-,-,-,-,-,-,"22,626",-,-,-,-,-,-,-,"7,642","2,598","5,044","5,044","5,044","5,044",-,-,-,"5,044",0.08,0.08,"62,485","62,949","44,619","5,044","3,820","4,162","6,136","5,044","1,855","1,855",0,630.632
62,12/31/2007,"120,586","106,608","201,448","166,644","166,644","34,757",-,47,-,"94,840","58,891",-,"22,523","13,426",-,"13,978",-,"8,577","8,577",-,-,-,-,-,-,"4,280","2,615",-,"1,665","1,121","-9,000","52,279","6,999",-,-,-,"22,415","22,415","22,415",-,-,-,-,-,-,-,"22,865",-,-,-,-,-,-,-,"59,307","22,062","37,245","37,245","37,245","37,245",-,-,-,"37,245",-,-,-,-,"97,608","37,245","36,199",47,"3,954","37,245","1,665","1,665",0,619.3743
63,9/30/2007,"117,847","103,854","198,768","167,066","167,066","26,582",-,"5,120",-,"94,914","62,058",-,"20,276","12,580",-,"13,993",-,"7,935","7,935",-,-,-,-,-,-,"4,033","2,772",-,"1,261","2,025","-3,000","47,143","6,656",-,-,-,"22,081","22,081","22,081",-,-,-,-,-,-,-,"18,406",-,-,-,-,-,-,-,"67,704","26,368","41,336","41,336","41,336","41,336",-,-,-,"41,336",0.68,0.67,"61,232","62,088","100,854","41,336","40,566","5,120","1,485","41,336","1,261","1,261",0,491.1091
64,6/30/2007,"109,731","98,929","187,214","158,844","158,844","23,487",-,"4,883",-,"88,285","61,124",-,"16,266","10,895",-,"10,802",-,"7,524","7,524",-,-,-,-,-,-,"1,230",918,-,312,"2,048",-,"43,263","6,046",-,-,-,"20,648","20,648","20,648",-,-,-,-,-,-,-,"16,569",-,-,-,-,-,-,-,"66,468","25,978","40,490","40,490","40,490","40,490",-,-,-,"40,490",0.67,0.66,"60,381","61,346","98,929","40,490","40,300","4,883","5,635","40,490",312,312,0,121.9404
65,3/31/2007,"111,098","98,603","186,177","158,163","158,163","26,786",-,"1,228",-,"87,574","58,962",-,"18,248","10,364",-,"12,495",-,"7,060","7,060",-,-,-,-,-,-,"2,872","1,528",-,"1,344","2,563",-,"42,318","5,881",-,-,-,"20,782","20,782","20,782",-,-,-,-,-,-,-,"15,655",-,-,-,-,-,-,-,"68,780","26,684","42,096","42,096","42,096","42,096",-,-,-,"42,096",0.69,0.68,"60,649","61,700","98,603","42,096","41,273","1,228","2,795","42,096","1,344","1,344",0,521.4204
66,12/31/2006,"106,655","97,373","186,188","162,201","162,201","19,627",-,"4,360",-,"88,815","57,541",-,"21,289","9,985",-,"9,282",-,"6,326","6,326",-,-,-,-,-,-,-88,0,-,-,"3,044","2,000","44,624","5,624",-,-,-,"19,994","19,994","19,994",-,-,-,-,-,-,-,"19,006",-,-,-,-,-,-,-,"64,031","24,920","39,111","39,111","39,111","39,111",-,-,-,"39,111",-,-,-,-,"99,373","39,111","39,111","4,360",-51,"39,111",-,-,0,0
67,9/30/2006,"103,520","95,417","177,312","156,333","156,333","19,873",-,"1,106",-,"81,895","53,896",-,"19,513","8,486",-,"8,103",-,"5,827","5,827",-,-,-,-,-,-,676,676,-,-,"1,600","-3,500","41,946","5,610",-,-,-,"18,589","18,589","18,589",-,-,-,-,-,-,-,"17,747",-,-,-,-,-,-,-,"58,074","22,512","35,562","35,562","35,562","35,562",-,-,-,"35,562",0.59,0.58,"60,536","61,797","91,917","35,562","35,562","1,106","2,218","35,562",-,-,0,0
68,6/30/2006,"99,763","91,644","159,248","143,426","143,426","14,958",-,864,-,"67,604","49,939",-,"11,452","6,213",-,"8,119",-,"6,180","6,180",-,-,-,-,-,-,145,145,-,-,"1,794","-1,333","38,536","5,339",-,-,-,"15,831","15,831","15,831",-,-,-,-,-,-,-,"17,366",-,-,-,-,-,-,-,"59,894","23,249","36,645","36,645","36,645","36,645",-,-,-,"36,645",0.61,0.59,"60,270","61,619","90,311","36,645","36,645",864,"2,916","36,645",-,-,0,0
69,3/31/2006,"91,938","83,048","137,302","125,871","125,871","10,684",-,747,-,"54,254","38,889","1,119","11,369","2,877",-,"8,890",-,"5,490","5,490",-,-,-,-,-,-,"1,804","1,716",-,88,"1,596","-3,333","36,823","4,777",-,-,-,"16,169","16,169","16,169",-,-,-,-,-,-,-,"15,877",-,-,-,-,-,-,-,"51,782","19,731","32,051","32,051","32,051","32,051",-,-,-,"32,051",0.56,0.55,"56,807","58,293","79,715","32,051","31,997",747,"2,804","32,051",88,88,0,33.5315
70,12/31/2005,"88,709","81,351","126,587","116,987","116,987","10,533",-,-933,-,"45,236","32,626","25,864","-16,890","3,636",-,"7,358",-,"5,062","5,062",-,-,-,-,-,-,784,772,-,12,"1,512","-2,500","37,108","4,633",-,-,-,"15,351","15,351","15,351",-,-,-,-,-,-,-,"17,124",-,-,-,-,-,-,-,"49,101","18,286","30,815","30,815","30,815","30,815",-,-,-,"30,815",-,-,-,-,"78,851","30,815","30,807",-933,"3,200","30,815",12,12,0,4.469
71,9/30/2005,"79,409","71,582","106,287","98,110","98,110","7,483",-,694,-,"34,705","25,275",637,"8,100",693,-,"7,827",-,"4,532","4,532",-,-,-,-,-,-,"1,798","1,786",-,12,"1,497","-4,500","30,306","3,736",-,-,-,"12,979","12,979","12,979",-,-,-,-,-,-,-,"13,591",-,-,-,-,-,-,-,"44,603","16,020","28,583","28,583","28,583","28,583",-,-,-,"28,583",0.54,0.52,"53,261","54,822","67,082","28,583","28,575",694,"2,324","28,583",12,12,0,4.31
72,6/30/2005,"72,924","64,960","93,769","87,334","87,334","5,639",-,796,-,"28,809","19,394",60,"9,355",-,-,"7,964",-,"4,271","4,271",-,-,-,-,-,-,"1,285","1,285",-,-,"2,408","-4,500","28,401","3,432",-,-,-,"12,485","12,485","12,485",-,-,-,-,-,-,-,"12,484",-,-,-,-,-,-,-,"40,023","14,560","25,463","25,463","25,463","25,463",-,-,-,"25,463",0.49,0.47,"52,338","53,878","60,460","25,463","25,463",796,"2,399","25,463",-,-,0,0
73,3/31/2005,"68,722","62,222","84,756","78,896","78,896","5,299",-,561,-,"22,534","16,291",42,"6,201",-,-,"6,500",-,"4,647","4,647",-,-,-,-,-,-,448,448,-,-,"1,405","-4,370","27,718","3,258",-,-,-,"12,854","12,854","12,854",-,-,-,-,-,-,-,"11,606",-,-,-,-,-,-,-,"36,634","13,115","23,519","23,519","23,519","23,519",-,-,-,"23,519",0.45,0.44,"52,245","53,963","57,852","23,519","23,519",561,"2,405","23,519",-,-,0,0
74,12/31/2004,"68,076","59,251","76,763","72,490","72,490","3,838",-,435,-,"17,512","12,346",30,"5,136",-,-,"8,825",-,"4,543","4,543",-,-,-,-,-,-,"3,176",781,-,"2,395","1,106","-5,000","27,304","3,464",-,-,-,"11,443","11,443","11,443",-,-,-,-,-,-,-,"12,397",-,-,-,-,-,-,-,"35,772","13,123","22,649","22,649","22,649","22,649",-,-,-,"22,649",-,-,-,-,"54,251","22,649","21,133",435,"2,491","22,649","2,395","2,395",0,878.6085
75,9/30/2004,"60,011","52,835","66,815","62,655","62,655","3,648",-,512,-,"13,980","9,785",18,"4,177",-,-,"7,176",-,"4,225","4,225",-,-,-,-,-,-,"1,605",678,-,927,"1,346","-5,000","23,210","3,146",-,-,-,"9,386","9,386","9,386",-,-,-,-,-,-,-,"10,678",-,-,-,-,-,-,-,"31,801","11,402","20,399","20,399","20,399","20,399",-,-,-,"20,399",0.40,0.39,"51,210","52,884","47,835","20,399","19,804",512,"3,027","20,399",927,927,0,332.3686
76,6/30/2004,"52,372","45,004","56,347","52,402","52,402","3,697",-,248,-,"11,343","8,364",7,"2,972",-,-,"7,368",-,"5,888","5,888",-,-,-,-,-,-,-159,-391,-,232,"1,639","-3,000","21,646","2,854",-,-,-,"9,139","9,139","9,139",-,-,-,-,-,-,-,"9,653",-,-,-,-,-,-,-,"27,726","9,697","18,029","18,029","18,029","18,029",-,-,-,"18,029",0.36,0.35,"50,063","51,675","42,004","18,029","17,878",248,"3,059","18,029",232,232,0,81.1406
77,3/31/2004,"50,540","42,083","52,145","47,838","47,838","4,053",-,254,-,"10,062","7,401",694,"1,967",-,-,"8,457",-,"5,061","5,061",-,-,-,-,-,-,"1,219","1,194",-,25,"2,177","-3,750","20,756","2,694",-,-,-,"9,168","9,168","9,168",-,-,-,-,-,-,-,"8,894",-,-,-,-,-,-,-,"26,034","9,089","16,945","16,945","16,945","16,945",-,-,-,"16,945",0.34,0.34,"49,138","50,694","38,333","16,945","16,929",254,"2,880","16,945",25,25,0,8.728
78,12/31/2003,"47,934","39,810","48,191","43,682","43,682","4,348",-,-,-,"8,381","6,739",22,"1,620",-,-,"8,124",-,"4,615","4,615",-,-,-,-,-,-,212,566,-,-,"3,297","-2,300","21,084","2,845",-,-,-,"8,265","8,265","8,265",-,-,-,-,-,-,-,"9,974",-,-,-,-,-,-,-,"24,550","8,143","16,407","16,407","16,407","16,407",-,-,-,"16,407",-,-,-,-,"37,510","16,407","16,407",-,"3,335","16,407",-,-,0,0
79,9/30/2003,"46,654","37,461","45,427","41,287","41,287","4,040",-,-,100,"7,966","6,637",10,"1,319",-,-,"9,193",-,"4,920","4,920",-,-,-,-,-,-,570,398,-,172,"3,703","-2,000","19,843","2,631",-,-,-,"7,970","7,970","7,970",-,-,-,-,-,-,-,"9,242",-,-,-,-,-,-,-,"24,811","8,669","16,142","16,142","16,142","16,142",-,-,-,"16,142",0.34,0.33,"48,138","49,600","35,461","16,142","16,030",-,"3,240","16,142",172,172,0,60.0971
80,6/30/2003,"43,663","34,981","43,873","39,114","39,114","4,648",-,111,-,"8,892","7,686",640,566,-,-,"8,682",-,"3,082","3,082",-,-,-,-,-,-,721,640,-,81,"4,879","-2,010","19,310","2,548",-,-,-,"7,887","7,887","7,887",-,-,-,-,-,-,-,"8,875",-,-,-,-,-,-,-,"22,343","7,658","14,685","14,685","14,685","14,685",-,-,-,"14,685",0.30,0.30,"47,936","49,204","32,971","14,685","14,632",111,"2,837","14,685",81,81,0,27.7625
81,3/31/2003,"37,839","31,059","41,052","35,827","35,827","5,103",-,122,-,"9,993","8,884",577,532,-,-,"6,780",-,"4,296","4,296",-,-,-,-,-,-,906,347,-,559,"1,578","-2,490","17,393","2,290",-,-,-,"7,722","7,722","7,722",-,-,-,-,-,-,-,"7,381",-,-,-,-,-,-,-,"17,956","6,198","11,758","11,758","11,758","11,758",-,-,-,"11,758",0.24,0.24,"47,782","49,082","28,569","11,758","11,392",122,"2,727","11,758",559,559,0,192.954
82,12/31/2002,"36,795","28,865","40,450","35,759","35,759","4,575",-,116,-,"11,585","10,377","-2,422","3,630",-,-,"7,930",-,"4,828","4,828",-,-,-,-,-,-,-748,0,-,-,"3,850","-2,550","16,317","2,421",-,-,-,"6,287","6,287","6,287",-,-,-,-,-,-,-,"7,609",-,-,-,-,-,-,-,"17,928","5,293","12,635","12,635","12,635","12,635",0,-,-,"12,635",-,-,-,-,"26,315","12,635","12,635",116,"3,463","12,635",-,-,0,0
83,9/30/2002,"37,764","31,218","43,605","39,239","39,239","4,241",-,125,-,"12,387","11,155",666,566,-,-,"6,546",-,"4,656","4,656",-,-,-,-,-,-,494,-,-,494,"1,396","-2,550","16,277","2,698",-,-,-,"6,774","6,774","6,774",-,-,-,-,-,-,-,"6,805",-,-,-,-,-,-,-,"18,937","6,051","12,886","12,886","12,886","12,886",-,-,-,"12,886",0.14,0.13,"94,708","99,276","28,668","12,886","12,550",125,"2,340","12,886",494,494,0,157.8494
84,6/30/2002,"35,321","29,593","42,056","37,888","37,888","4,037",-,131,-,"12,463","10,953",944,566,-,-,"5,728",-,"4,342","4,342",-,-,-,-,-,-,54,13,-,41,"1,332","-2,550","15,968","2,555",-,-,-,"6,402","6,402","6,402",-,-,-,-,-,-,-,"7,011",-,-,-,-,-,-,-,"16,803","4,554","12,249","12,249","12,249","12,249",-,-,-,"12,249",0.13,0.12,"94,096","99,196","27,043","12,249","12,219",131,"2,648","12,249",41,41,0,11.1119
85,3/31/2002,"32,816","27,558","40,102","36,092","36,092","3,869",-,141,-,"12,544","11,090",592,862,-,-,"5,258",-,"4,143","4,143",-,-,-,-,-,-,-,-,-,-,"1,115","-2,550","15,118","2,587",-,-,-,"6,298","6,298","6,298",-,-,-,-,-,-,-,"6,233",-,-,-,-,-,-,-,"15,148","4,217","11,719","11,719","11,719","10,931",788,-,-,"11,719",0.12,0.11,"93,528","97,876","25,008","10,931","10,931",141,"1,999","10,931",-,-,0,0
86,12/31/2001,"31,954","26,551","42,391","37,012","37,012","5,273",-,106,-,"15,840","14,099","-1,681","3,422",-,-,"5,403",-,"4,049","4,049",-,-,-,-,-,-,-906,0,-,-,"2,260","-2,500","16,559","2,511",-,-,-,"6,837","6,837","6,837",-,-,-,-,-,-,-,"7,211",-,-,-,-,-,-,-,"12,895","3,393","9,502","9,502","9,502","9,502",0,-,-,"9,502",-,-,-,-,"24,051","9,502","9,502",106,"2,140","9,502",-,-,0,0
87,9/30/2001,"29,471","24,820","44,391","37,995","37,995","6,276",-,120,-,"19,571","18,001",592,978,-,-,"4,651",-,"3,176","3,176",-,-,-,-,-,-,535,387,-,148,940,"-1,500","15,269","2,614",-,-,-,"6,003","6,003","6,003",-,-,-,-,-,-,-,"6,652",-,-,-,-,-,-,-,"12,702","2,921","9,781","9,781","9,781","9,781",-,-,-,"9,781",0.21,0.20,"45,928","48,076","23,320","9,781","9,667",120,"2,331","9,781",148,148,0,34.0346
88,6/30/2001,"29,589","24,460","46,546","39,581","39,581","6,790",-,175,-,"22,086","20,194",988,904,-,-,"5,129",-,"3,500","3,500",-,-,-,-,-,-,589,166,-,423,"1,040","-1,500","14,903","2,406",-,-,-,"5,871","5,871","5,871",-,-,-,-,-,-,-,"6,626",-,-,-,-,-,-,-,"13,186","3,497","9,689","9,689","9,689","9,689",-,-,-,"9,689",0.21,0.20,"45,656","47,646","22,960","9,689","9,378",175,"2,375","9,689",423,423,0,112.1819
89,3/31/2001,"29,927","23,519","49,370","40,892","40,892","8,229",-,249,-,"25,851","21,652","1,157","3,042",-,-,"6,408",-,"3,080","3,080",-,-,-,-,-,-,"1,906","1,906",-,-,"1,422",-717,"15,393","2,368",-,-,-,"6,425","6,425","6,425",-,-,-,-,-,-,-,"6,600",-,-,-,-,-,-,-,"13,817","3,919","9,811","9,811","9,811","9,898",-87,-,-,"9,811",0.21,0.20,"46,082","48,210","22,802","9,898","9,898",249,"2,607","9,898",-,-,0,0
90,12/31/2000,"26,020","22,574","48,430","39,822","39,822","8,394",-,214,-,"25,856","20,528",-156,"5,484",-,-,"3,446",-,"2,744","2,744",-,-,-,-,-,-,"-1,421",-142,-,-,"2,123",-300,"13,799","1,965",-,-,-,"5,535","5,535","5,535",-,-,-,-,-,-,-,"6,299",-,-,-,-,-,-,-,"11,921","2,309","9,612","9,612","9,612","9,612",-,-,-,"9,612",-,-,-,-,"22,274","9,612","9,612",214,"2,324","9,612",-,-,0,0
91,9/30/2000,"26,238","22,578","47,289","38,119","38,119","8,738",-,432,-,"24,711","19,301","1,129","4,281",-,-,"3,660",-,"2,697","2,697",-,-,-,-,-,-,314,-60,-,374,649,"-1,300","12,250","1,892",-,-,-,"5,080","5,080","5,080",-,-,-,-,-,-,-,"5,278",-,-,-,-,-,-,-,"12,688","3,910","8,778","8,778","8,778","8,778",-,-,-,"8,778",0.20,0.19,"44,812","46,712","21,278","8,778","8,519",432,"2,164","8,778",374,374,0,115.2538
92,6/30/2000,"25,820","22,351","46,120","37,667","37,667","7,869",-,584,-,"23,769","17,709",886,"5,174",-,-,"3,469",-,"2,770","2,770",-,-,-,-,-,-,-14,-14,-,-,713,"-1,400","12,177","1,926",-,-,-,"5,078","5,078","5,078",-,-,-,-,-,-,-,"5,173",-,-,-,-,-,-,-,"12,243","3,879","8,364","8,364","8,364","8,364",-,-,-,"8,364",0.18,0.18,"44,726","45,644","20,951","8,364","8,364",584,"2,287","8,364",-,-,0,0
93,3/31/2000,"26,377","21,984","44,241","35,376","35,376","8,481",-,384,-,"22,257","15,109",205,"6,943",-,-,"4,393",-,"2,827","2,827",-,-,-,-,-,-,"1,227",322,-,905,339,"-1,400","11,734","1,780",-,-,-,"4,593","4,593","4,593",-,-,-,-,-,-,-,"5,361",-,-,-,-,-,-,-,"13,243","4,530","8,713","8,713","8,713","8,713",-,-,-,"8,713",0.20,0.19,"44,662","45,354","20,584","8,713","8,118",384,"1,976","8,713",905,905,0,309.5711
94,12/31/1999,"23,300","19,700","39,500","30,900","30,900","8,200",-,400,-,"19,800","13,300",500,"6,100",-,-,"3,600",-,"2,700","2,700",-,-,-,-,-,-,-500,-100,-,-400,"1,400","-1,400","10,500","1,300",-,-,-,"4,600","4,600","4,600",-,-,-,-,-,-,-,"4,600",-,-,-,-,-,-,-,"11,400","3,500","7,900","7,900","7,900","7,900",-,-,-,"7,900",-,-,-,-,"18,300","7,900","8,177",400,"2,100","7,900",-400,-400,0,-122.807
95,9/30/1999,"22,100","18,600","37,800","28,600","28,600","8,900",-,400,-100,"19,200","13,000",100,"6,200",-,-100,"3,500",-,"2,400","2,400",-,-,-,-,-,-,800,800,-,-,300,"-1,300","10,600","1,600",-,-,-,"4,800","4,800","4,800",-,-,-,-,-,-,-,"4,200",-,-,-,-,-,-,-,"10,200","3,200","7,000","7,000","7,000","7,000",-,-,-,"7,000",0.08,0.08,"44,798","44,798","17,300","7,000","7,000",400,900,"7,000",-,-,0,0
96,6/30/1999,"21,500","17,300","36,000","25,800","25,800","9,900",-,400,-100,"18,700","11,800",200,"6,700",-,-,"4,200",-,"2,500","2,500",-,-,-,-,-,-,"1,400",700,-,700,300,"-1,500","9,600","1,300",-,-,-,"4,500","4,500","4,500",-,-,-,-,-,-,-,"3,800",-,-,-,-,-,-,-,"10,500","3,400","7,100","7,100","7,100","7,100",-,-,-,"7,100",0.08,0.08,"44,936","44,936","15,800","7,100","6,627",400,400,"7,100",700,700,0,226.6667
97,3/31/1999,"19,500","16,200","34,700","23,300","23,300","11,000",-,400,-,"18,500","11,500",300,"6,600",-,100,"3,300",-,"2,200","2,200",-,-,-,-,-,-,800,400,-,400,300,"-1,200","8,800","1,400",-,-,-,"4,700","4,700","4,700",-,-,-,-,-,-,-,"2,700",-,-,-,-,-,-,-,"9,500","3,500","6,000","6,000","6,000","6,000",-,-,-,"6,000",0.07,0.07,"46,100","46,100","15,000","6,000","5,747",400,700,"6,000",400,400,0,147.3684
98,12/31/1998,-,-,-,-,-,-,-,-,-,-,-,-,-,-,-,-,-,-,-,-,-,-,-,-,-,-,-,-,-,-,-,-,-,-,-,-,-,-,-,-,-,-,-,-,-,-,-,-,-,-,-,-,-,-,-,-,"6,500","6,500","6,500","6,500",-,-,-,"6,500",-,-,-,-,-,"6,500","6,500",-,-,"6,500",-,-,0,0
99,9/30/1998,-,-,-,-,-,-,-,-,-,-,-,-,-,-,-,-,-,-,-,-,-,-,-,-,-,-,-,-,-,-,-,-,-,-,-,-,-,-,-,-,-,-,-,-,-,-,-,-,-,-,-,-,-,-,-,-,"4,700","4,700","4,700","4,700",-,-,-,"4,700",0.05,0.05,"47,550","47,550",-,"4,700","4,700",-,-,"4,700",-,-,0,0
100,6/30/1998,-,-,-,-,-,-,-,-,-,-,-,-,-,-,-,-,-,-,-,-,-,-,-,-,-,-,-,-,-,-,-,-,-,-,-,-,-,-,-,-,-,-,-,-,-,-,-,-,-,-,-,-,-,-,-,-,"3,800","3,800","3,800","3,800",-,-,-,"3,800",0.04,0.04,"47,550","47,550",-,"3,800","3,800",-,-,"3,800",-,-,0,0
101,3/31/1998,-,-,-,-,-,-,-,-,-,-,-,-,-,-,-,-,-,-,-,-,-,-,-,-,-,-,-,-,-,-,-,-,-,-,-,-,-,-,-,-,-,-,-,-,-,-,-,-,-,-,-,-,-,-,-,-,"3,000","3,000","3,000","3,000",-,-,-,"3,000",0.03,0.03,"47,550","47,550",-,"3,000","3,000",-,-,"3,000",-,-,0,0
