,Breakdown,Total Assets,"Cash, Cash Equivalents & Federal Funds Sold",Cash And Cash Equivalents,Cash,Cash Equivalents,Cash And Due from Banks,Interest Bearing Deposits Assets,Restricted Cash And Investments,Restricted Cash & Cash Equivalents,Money Market Investments,Federal Funds Sold & Securities Purchased Under Agreements to Resell,Federal Home Loan Bank Stock,Customer Acceptances,Bank Owned Life Insurance,SECURITIES_AND_INVESTMENTS,Trading Securities,Available for Sale Securities,Held To Maturity Securities,Other Short Term Investments,Long Term Equity Investment,Derivative Assets,Net Loan,Gross Loan,Commercial Loan,Consumer Loan,Mortgage Loan,Other Loan Assets,Allowance for Loans And Lease Losses,Unearned Income,Receivables,Accounts receivable,Gross Accounts Receivable,Other Receivables,Prepaid Assets,Net PPE,Goodwill And Other Intangible Assets,Goodwill,Other Intangible Assets,Assets Held for Sale,Other Assets,Total Liabilities Net Minority Interest,Total Deposits,Interest Bearing Deposits Liabilities,Customer Accounts,Non Interest Bearing Deposits,Federal Funds Purchased And Securities Sold Under Agreement To Repurchase,Payables And Accrued Expenses,Payables,Accounts Payable,Total Tax Payable,Income Tax Payable,Other Payable,Current Accrued Expenses,Current Debt And Capital Lease Obligation,Current Debt,Commercial Paper,Other Current Borrowings,Trading Liabilities,Derivative Product Liabilities,Long Term Debt And Capital Lease Obligation,Long Term Debt,Long Term Provisions,Preferred Securities Outside Stock Equity,Liabilities of Discontinued Operations,Other Liabilities,Total Equity Gross Minority Interest,Stockholders' Equity,Capital Stock,Preferred Stock,Common Stock,Retained Earnings,Additional Paid in Capital,Treasury Stock,Gains Losses Not Affecting Retained Earnings,Foreign Currency Translation Adjustments,Other Equity Adjustments,Other Equity Interest,Minority Interest,Total Capitalization,Preferred Stock Equity,Common Stock Equity,Net Tangible Assets,Invested Capital,Tangible Book Value,Total Debt,Net Debt,Share Issued,Ordinary Shares Number,Preferred Shares Number,Treasury Shares Number
0,12/31/2022,"405,783,000","138,152,000","113,854,000","5,030,000",-,"108,824,000",-,"6,499,000","6,499,000","24,298,000","24,298,000","484,000",-,"5,417,000","152,724,000","9,908,000","142,816,000","54,331,000","46,631,000","1,716,000","2,945,000","65,887,000","66,063,000","11,416,000","10,302,000","15,537,000","66,063,000","176,000",-,"858,000","858,000",-,"1,137,000","2,415,000","3,256,000","19,051,000","16,150,000","2,901,000",-,"25,855,000","364,933,000","278,970,000","200,953,000","200,953,000","78,017,000","12,335,000","28,845,000","28,845,000","23,435,000","5,410,000","5,410,000",-,-,-,-,-,-,"5,385,000","2,814,000","30,855,000","30,855,000","78,000",-,-,"8,543,000","40,850,000","40,734,000","4,852,000","4,838,000","14,000","37,864,000","28,508,000","24,524,000","-5,966,000",-,-,-,"116,000","71,589,000","4,838,000","35,896,000","21,683,000","66,751,000","16,845,000","30,855,000",-,"1,395,691","808,445",-,"587,246"
1,12/31/2021,"444,438,000","154,765,000","121,336,000","6,061,000",-,"115,275,000",-,"3,822,000","3,822,000","29,607,000","29,607,000","479,000",-,"5,359,000","175,310,000","13,963,000","60,653,000","55,223,000","45,471,000","1,745,000","2,820,000","66,861,000","67,056,000","12,360,000","9,792,000","14,532,000","30,372,000","195,000",-,"5,903,000","4,635,000",-,"1,268,000","2,422,000","3,431,000","22,599,000","17,512,000","5,087,000",-,"2,744,000","401,047,000","319,694,000","225,999,000","225,999,000","93,695,000","11,566,000","30,917,000","30,917,000","25,150,000","5,767,000","5,767,000",-,-,0,0,0,-,"2,538,000","3,424,000","26,680,000","26,680,000","45,000",-,-,"6,183,000","43,391,000","43,034,000","4,852,000","4,838,000","14,000","36,667,000","28,128,000","24,400,000","-2,213,000",-,-,-,"357,000","69,714,000","4,838,000","38,196,000","20,435,000","64,876,000","15,597,000","26,680,000",-,"1,389,398","804,145",-,"585,253"
2,12/31/2020,"469,633,000","196,234,000","165,327,000","6,252,000",-,"159,075,000",-,-,-,"30,907,000","30,907,000","486,000",-,"5,301,000","172,200,000","15,272,000","156,928,000","46,845,000","59,271,000","1,259,000","3,845,000","56,111,000","56,469,000","12,674,000","16,357,000","6,445,000","56,469,000","358,000",-,"510,000","510,000",-,"1,587,000","2,033,000","3,602,000","20,508,000","17,496,000","3,012,000",-,"20,468,000","423,513,000","341,545,000","257,691,000","257,691,000","83,854,000","11,305,000","30,781,000","30,781,000","25,085,000","5,696,000","5,696,000","25,085,000",-,0,0,0,"350,000","6,031,000","4,805,000","26,334,000","26,334,000",-,"176,000",-,"7,517,000","46,120,000","45,801,000","4,555,000","4,541,000","14,000","34,241,000","27,823,000","19,833,000","-985,000",-,-,-,"319,000","72,135,000","4,541,000","41,260,000","25,293,000","67,594,000","20,752,000","26,334,000",-,"1,382,306","886,764",-,"495,543"
3,12/31/2019,"381,508,000","144,865,000","114,683,000","4,830,000",-,"109,853,000",-,-,-,"30,182,000","30,182,000","488,000",-,"5,219,000","136,849,000","13,571,000","123,278,000","33,329,000","57,763,000","1,102,000","3,242,000","54,831,000","54,953,000","14,267,000","16,190,000","6,076,000","54,953,000","122,000",-,"624,000","624,000",-,"1,498,000","1,955,000","3,625,000","20,493,000","17,386,000","3,107,000",-,"20,221,000","339,780,000","259,466,000","201,836,000","201,836,000","57,630,000","11,401,000","24,400,000","24,400,000","18,758,000","5,642,000","5,642,000","18,758,000",-,"3,959,000","3,959,000","3,959,000","599,000","4,841,000","3,791,000","28,100,000","28,100,000",-,"143,000",-,"7,613,000","41,728,000","41,483,000","3,556,000","3,542,000","14,000","31,894,000","27,515,000","18,844,000","-2,638,000",-,-,-,"245,000","69,583,000","3,542,000","37,941,000","20,990,000","70,000,000","17,448,000","32,059,000",-,"1,374,443","900,683","23,300","473,760"
4,12/31/2018,"362,873,000","134,795,000","88,000,000","5,864,000",-,"82,136,000",-,-,-,"46,795,000","46,795,000","595,000",-,"4,937,000","127,289,000","7,035,000","120,254,000","32,392,000","58,876,000","1,064,000","2,815,000","56,418,000","56,564,000","13,715,000","15,965,000","5,381,000","56,564,000","146,000",-,"671,000","671,000",-,"2,382,000","1,742,000","1,832,000","20,570,000","17,350,000","3,220,000",-,"21,298,000","322,005,000","238,778,000","167,995,000","167,995,000","70,783,000","14,243,000","25,400,000","25,400,000","19,731,000","5,669,000","5,669,000","19,731,000",-,"1,939,000","1,939,000","1,939,000","3,227,000","3,479,000","2,368,000","32,390,000","32,390,000",-,"129,000",-,"5,776,000","40,868,000","40,638,000","3,556,000","3,542,000","14,000","28,652,000","27,118,000","15,517,000","-3,171,000",-,-,-,"230,000","73,028,000","3,542,000","37,096,000","20,068,000","71,425,000","16,526,000","34,329,000",-,"1,364,878","960,426","23,300","404,452"
5,12/31/2017,"371,758,000","137,006,000","108,871,000","5,382,000",-,"103,489,000",-,-,-,"28,135,000","28,135,000","559,000","319,000","4,857,000","127,123,000","6,022,000","731,000","40,827,000","79,543,000","1,083,000","3,091,000","61,381,000","61,540,000","15,962,000","16,528,000","5,608,000","61,540,000","159,000",-,"610,000","610,000",-,"2,824,000","1,811,000","1,634,000","20,975,000","17,564,000","3,411,000",-,"23,029,000","330,012,000","244,322,000","161,606,000","161,606,000","82,716,000","15,163,000","26,409,000","26,409,000","20,184,000","6,225,000","6,225,000","20,184,000",-,"3,075,000","3,075,000","3,075,000","3,028,000","3,984,000","3,576,000","31,007,000","31,007,000",-,"179,000",-,"6,052,000","41,746,000","41,251,000","3,556,000","3,542,000","14,000","25,635,000","26,665,000","12,248,000","-2,357,000",-,-,-,"495,000","72,258,000","3,542,000","37,709,000","20,276,000","71,791,000","16,734,000","34,082,000",-,"1,354,164","1,013,442","23,300","340,721"
6,12/31/2016,"333,469,000","103,750,000","77,949,000","4,822,000",-,"73,127,000",-,-,-,"25,801,000","25,801,000","466,000","340,000","4,789,000","121,691,000","6,712,000","252,000","40,905,000","73,822,000","1,106,000","4,264,000","64,289,000","64,458,000","17,306,000","15,654,000","5,508,000","64,458,000","169,000",-,"568,000","568,000",-,"2,884,000","1,274,000","1,303,000","20,914,000","17,316,000","3,598,000",-,"20,954,000","293,889,000","221,490,000","143,148,000","143,148,000","78,342,000","9,989,000","26,854,000","26,854,000","20,987,000","5,867,000","5,867,000","20,987,000",-,"754,000","754,000",-,"754,000","4,671,000","4,401,000","25,217,000","25,217,000",-,"151,000",-,"5,668,000","39,580,000","38,811,000","3,555,000","3,542,000","13,000","22,621,000","25,962,000","9,562,000","-3,765,000",-,-,-,"769,000","64,028,000","3,542,000","35,269,000","17,897,000","60,486,000","14,355,000","25,217,000",-,"1,333,706","1,047,488","23,300","286,218"
7,12/31/2015,"393,780,000","159,259,000","134,886,000","6,537,000",-,"128,349,000",-,-,-,"24,373,000","24,373,000",-,"258,000","4,704,000","127,948,000","8,596,000","173,000","43,312,000","75,867,000","3,329,000","4,685,000","63,546,000","63,703,000","18,241,000","13,347,000","5,000,000","63,703,000","157,000",-,"562,000","562,000",-,"3,396,000","1,191,000","1,379,000","21,460,000","17,618,000","3,842,000",-,"19,626,000","354,805,000","279,610,000","183,333,000","183,333,000","96,277,000","15,002,000","27,886,000","27,886,000","21,900,000","5,986,000","5,986,000","21,900,000",-,"523,000","523,000",-,"523,000","4,730,000","4,319,000","22,070,000","22,070,000",-,"200,000",-,"5,507,000","38,975,000","38,037,000","2,565,000","2,552,000","13,000","19,974,000","25,262,000","7,164,000","-2,600,000",-,-,-,"938,000","60,107,000","2,552,000","35,485,000","16,577,000","57,555,000","14,025,000","22,070,000",-,"1,312,941","1,085,343","23,300","227,598"
8,12/31/2014,"385,303,000","143,449,000","123,147,000","6,970,000",-,"116,177,000",-,-,-,"20,302,000","20,302,000",-,"247,000","4,598,000","138,426,000","18,559,000","604,000","20,933,000","98,330,000","3,287,000","6,311,000","58,941,000","59,132,000","14,961,000","11,184,000","3,752,000","59,132,000","191,000",-,"607,000","607,000",-,"4,313,000","1,159,000","1,394,000","21,996,000","17,869,000","4,127,000",-,"20,490,000","346,002,000","265,869,000","161,629,000","161,629,000","104,240,000","11,469,000","27,486,000","27,486,000","21,181,000","6,305,000","6,305,000","21,181,000",-,0,0,0,"786,000","15,094,000","7,220,000","21,050,000","21,050,000","89,000","229,000",-,"5,034,000","39,301,000","38,039,000","1,575,000","1,562,000","13,000","18,281,000","24,626,000","4,809,000","-1,634,000",-,-,-,"1,262,000","59,089,000","1,562,000","36,477,000","16,043,000","57,527,000","14,481,000","21,050,000",-,"1,290,223","1,118,228","23,300","171,995"
9,12/31/2013,"374,310,000","155,280,000","146,119,000","6,460,000",-,"139,659,000",-,-,-,"9,161,000","9,161,000",-,"379,000","4,482,000","122,422,000","22,495,000","875,000","19,743,000","79,309,000","2,996,000","4,482,000","51,447,000","51,657,000","16,006,000","9,818,000","3,395,000","51,657,000","210,000",-,"621,000","621,000",-,"4,784,000","1,660,000","1,655,000","22,525,000","18,073,000","4,452,000",-,"20,360,000","335,776,000","261,129,000","165,654,000","165,654,000","95,475,000","9,648,000","22,692,000","22,692,000","15,707,000","6,985,000","6,985,000","15,707,000",-,"96,000","96,000","96,000","663,000","17,030,000","5,833,000","20,527,000","20,527,000","134,000","230,000",-,"4,654,000","38,534,000","37,521,000","1,575,000","1,562,000","13,000","15,976,000","24,002,000","3,140,000","-892,000",-,-,-,"1,013,000","58,048,000","1,562,000","35,959,000","14,996,000","56,582,000","13,434,000","20,623,000",-,"1,268,036","1,142,250","23,300","125,786"
10,12/31/2012,"358,990,000","145,340,000","138,747,000","4,727,000",-,"134,020,000",-,-,-,"6,593,000","6,593,000",-,"376,000","4,360,000","117,381,000","16,037,000","520,000","8,205,000","92,619,000","2,664,000","5,291,000","44,009,000","44,275,000","12,705,000","8,864,000","3,372,000","19,334,000","266,000",-,"10,301,000","4,848,000",-,"5,453,000","927,000","1,659,000","24,001,000","18,075,000","5,926,000",-,"2,681,000","321,548,000","246,095,000","153,076,000","153,076,000","93,019,000","7,427,000","23,411,000","23,411,000","16,095,000","7,316,000","7,316,000","16,095,000",-,"338,000","338,000","338,000","1,501,000","11,932,000","6,396,000","19,910,000","19,910,000","121,000","178,000",-,"5,918,000","37,442,000","36,431,000","1,081,000","1,068,000","13,000","14,622,000","23,485,000","2,114,000","-643,000",-,-,-,"1,011,000","56,341,000","1,068,000","35,363,000","12,430,000","55,611,000","11,362,000","20,248,000",-,"1,254,182","1,163,490","23,300","90,692"
11,12/31/2011,"325,266,000","135,249,000","130,739,000","4,175,000",-,"130,739,000",-,-,-,"4,510,000","4,510,000",-,"321,000","4,216,000","100,600,000","18,612,000","78,467,000","3,521,000","78,467,000","2,677,000","7,258,000","43,585,000","43,979,000","12,424,000","7,342,000","3,372,000","43,979,000","394,000",-,"660,000","660,000","660,000","5,116,000","928,000","1,681,000","23,056,000","17,904,000","5,152,000",0,"20,435,000","291,065,000","219,094,000","123,759,000","123,759,000","95,335,000","6,267,000","18,906,000","12,671,000","12,671,000","6,235,000","6,235,000",-,"6,235,000","10,000","10,000","10,000","2,277,000","18,124,000","7,116,000","22,107,000","22,107,000","103,000","114,000",-,"6,557,000","34,201,000","33,417,000","12,000",-,"12,000","12,812,000","23,185,000","965,000","-1,627,000",-,-,-,"784,000","55,524,000",-,"33,417,000","10,361,000","55,534,000","10,361,000","22,117,000",-,"1,249,061","1,209,675",-,"39,387"
12,12/31/2010,"247,259,000","77,593,000","72,424,000","3,675,000",-,"68,749,000",-,-,-,"5,169,000","5,169,000",-,"424,000","4,071,000","87,349,000","20,397,000","645,000","3,655,000","62,652,000","2,818,000","4,645,000","37,310,000","37,808,000","10,851,000","6,506,000","3,671,000","37,808,000","498,000",-,"508,000","508,000","508,000","5,976,000","1,566,000","1,693,000","23,738,000","18,042,000","5,696,000","278,000","18,790,000","214,102,000","145,339,000","106,636,000","106,636,000","38,703,000","5,602,000","16,126,000","16,126,000","9,962,000","6,164,000","6,164,000",-,"6,164,000","10,000","10,000","10,000","2,858,000","20,472,000","5,185,000","19,375,000","19,375,000","73,000","92,000",0,"7,178,000","33,157,000","32,354,000","12,000",-,"12,000","10,898,000","22,885,000","86,000","-1,355,000",-,-,-,"803,000","51,729,000",-,"32,354,000","8,616,000","51,739,000","8,616,000","19,385,000",-,"1,244,609","1,241,530",-,"3,079"
13,12/31/2009,"212,224,000","71,390,000","67,855,000","3,732,000",-,"63,664,000","459,000",-,-,"3,535,000","3,535,000",-,"502,000","3,900,000","57,488,000","1,439,000","51,632,000","4,417,000","51,632,000","2,816,000","4,562,000","30,392,000","33,177,000","10,325,000","721,000","6,100,000","16,031,000","503,000","-2,282,000","11,828,000","4,167,000","639,000","7,661,000","1,803,000","1,602,000","22,432,000","16,249,000","6,183,000","2,242,000","1,267,000","183,221,000","135,050,000","101,573,000","101,573,000","33,477,000","3,348,000","15,205,000","15,205,000","10,721,000","4,484,000","4,484,000",-,"4,484,000","12,000","12,000","12,000","602,000","1,194,000","5,202,000","17,711,000","17,711,000","125,000",-,"1,608,000","3,766,000","29,003,000","28,977,000","12,000",0,"12,000","8,912,000","21,917,000","29,000","-1,835,000",-,-,-,"26,000","46,688,000",-,"28,977,000","6,545,000","46,700,000","6,545,000","17,723,000",-,"1,208,862","1,207,835",-,"1,027"
14,12/31/2008,"237,009,000","99,285,000","97,285,000","4,881,000","58,159,000","92,404,000","1,275,000",-,-,"2,000,000","2,000,000",-,"265,000",-,"56,166,000","11,102,000","47,485,000","7,371,000","37,693,000","2,421,000",-,"42,979,000","43,394,000","16,732,000",-,"7,498,000","43,394,000","415,000",-,"619,000","619,000","619,000","4,006,000","793,000","1,686,000","21,754,000","15,898,000","5,856,000",-,"14,520,000","208,959,000","159,673,000","103,857,000","103,857,000","55,816,000","1,372,000","13,053,000","13,053,000","9,274,000","3,779,000","3,779,000",-,-,"138,000","138,000","138,000","755,000","8,085,000",-,"16,620,000","16,620,000","114,000",-,-,"10,018,000","28,050,000","28,050,000","2,797,000","2,786,000","11,000","10,250,000","20,432,000","3,000","-5,426,000","-363,000","-5,063,000",-,-,"44,670,000","2,786,000","25,264,000","6,296,000","42,022,000","3,510,000","16,758,000",-,"1,147,607","1,147,567",-,40.262
15,12/31/2007,"197,656,000","50,566,000","41,458,000","6,635,000","6,635,000","34,312,000","511,000",-,-,"9,108,000","9,108,000",-,"81,000",-,"55,118,000","6,420,000","48,698,000","2,180,000","46,518,000","2,400,000",-,"45,637,000","45,964,000","20,455,000",-,"6,220,000","19,289,000","327,000",-,"10,595,000","5,628,000","739,000","4,967,000","1,986,000","1,731,000","23,252,000","16,331,000","6,921,000",0,"6,290,000","168,253,000","118,125,000","85,753,000","85,753,000","32,372,000","2,193,000","15,679,000","15,679,000","7,578,000","8,101,000","8,101,000",-,-,"4,079,000","4,079,000","4,079,000","2,007,000","4,577,000",-,"18,713,000","18,713,000","167,000",-,0,"4,720,000","29,403,000","29,403,000","11,000",-,"11,000","10,015,000","19,990,000","39,000","-574,000","11,000","-585,000",-,-,"48,116,000",-,"29,403,000","6,151,000","52,195,000","6,151,000","22,792,000",-,"1,145,983","1,145,983",-,-
16,12/31/2006,"103,370,000","21,450,000","16,336,000","2,840,000","2,840,000","13,172,000","324,000",-,-,"5,114,000","5,114,000",-,"213,000",-,"27,507,000","5,544,000","857,000","1,729,000","19,377,000",-,-,"32,008,000","32,295,000","13,778,000","266,000","4,521,000","13,730,000","287,000",-,"9,363,000","3,865,000","422,000","5,498,000","858,000","1,050,000","7,013,000","5,172,000","1,841,000","18,000","3,890,000","91,777,000","62,146,000","42,592,000","42,592,000","19,554,000","790,000","12,595,000","12,595,000","7,466,000","5,129,000","5,129,000","7,266,000",-,"1,775,000","1,775,000",-,"1,775,000","2,507,000",-,"10,398,000","10,398,000","150,000",-,"64,000","3,127,000","11,593,000","11,593,000","7,903,000",-,"7,903,000","9,444,000","2,142,000","7,576,000","-317,000",-,-,"-3,000",-,"21,991,000",-,"11,593,000","4,580,000","21,991,000","4,580,000","10,398,000",-,"755,861","755,861",-,-
17,12/31/2005,"102,074,000","14,584,000","12,159,000",-,"3,515,000","8,644,000",-,-,-,"2,425,000","2,425,000",-,"233,000",-,"33,256,000","5,930,000","27,326,000",-,-,-,-,"40,315,000","40,726,000",-,-,-,"40,726,000","411,000",-,"391,000","391,000","391,000",-,-,"1,060,000","4,430,000",-,-,-,"7,805,000","92,198,000","64,424,000","46,188,000","46,188,000","18,236,000","834,000","12,919,000","12,919,000","172,000","4,124,000","4,124,000","8,623,000",-,"860,000","860,000",-,"860,000",-,-,"7,817,000","7,817,000",-,-,-,"5,344,000","9,876,000","9,876,000","7,838,000",-,"7,838,000","7,089,000","1,826,000","6,736,000","-141,000",-,-,-,-,"17,693,000",-,"9,876,000","5,446,000","18,553,000","5,446,000","8,677,000",-,"771,332","771,332",-,-
18,12/31/2004,"94,529,000","17,786,000","12,078,000",-,"3,886,000","8,192,000",-,-,-,"5,708,000","5,708,000",-,"137,000",-,"28,429,000","4,627,000","23,802,000",-,-,-,-,"35,190,000","35,781,000",-,-,-,"35,781,000","591,000",-,"285,000","285,000","285,000",-,-,"1,097,000","4,270,000",-,-,-,"7,335,000","85,239,000","58,721,000","41,279,000","41,279,000","17,442,000","1,205,000","13,229,000","13,229,000","113,000","4,452,000","4,452,000","8,664,000",-,"833,000","833,000",-,"833,000",-,-,"5,821,000","5,821,000",-,-,-,"5,430,000","9,290,000","9,290,000","7,836,000",-,"7,836,000","6,162,000","1,790,000","6,492,000","-6,000",-,-,-,-,"15,111,000",-,"9,290,000","5,020,000","15,944,000","5,020,000","6,654,000",-,"778,121","778,121",-,-
19,12/31/2003,"92,397,000","16,958,000","12,129,000",-,"3,843,000","8,286,000",-,-,-,"4,829,000","4,829,000",-,"170,000",-,"28,309,000","5,406,000","22,903,000",-,-,-,-,"34,615,000","35,283,000",-,-,-,"35,283,000","668,000",-,"214,000","214,000","214,000",-,-,"1,398,000","4,092,000",-,-,-,"6,641,000","83,969,000","56,406,000","41,617,000","41,617,000","14,789,000","1,039,000","14,530,000","14,530,000","82,000","4,256,000","4,256,000","10,192,000",-,"834,000","834,000",-,"834,000",-,-,"6,121,000","6,121,000",-,-,-,"5,039,000","8,428,000","8,428,000","7,800,000",-,"7,800,000","5,330,000","1,647,000","6,420,000","71,000",-,-,-,-,"14,549,000",-,"8,428,000","4,336,000","15,383,000","4,336,000","6,955,000",-,"775,319","775,319",-,-
20,12/31/2002,"77,564,000","11,237,000","9,852,000",-,"4,748,000","5,104,000",-,-,-,"1,385,000","1,385,000",-,"351,000",-,"25,609,000","7,309,000","18,300,000",-,-,-,-,"30,508,000","31,339,000",-,-,-,"31,339,000","831,000",-,"204,000","204,000","204,000",-,-,"975,000","2,575,000",-,-,-,"6,105,000","70,880,000","55,387,000","42,086,000","42,086,000","13,301,000","636,000","4,167,000","4,167,000","101,000","4,066,000","4,066,000",-,-,"625,000","625,000",-,"625,000",-,-,"5,440,000","5,440,000",-,-,-,"4,625,000","6,684,000","6,684,000","7,453,000",-,"7,453,000","4,736,000","847,000","6,483,000","131,000",-,-,-,-,"12,124,000",-,"6,684,000","4,109,000","12,749,000","4,109,000","6,065,000",-,"726,456","726,456",-,-
21,12/31/2001,"81,025,000","14,636,000","9,841,000",-,"3,222,000","6,619,000",-,-,-,"4,795,000","4,795,000",-,"313,000",-,"21,132,000","8,270,000","12,862,000",-,-,-,-,"35,131,000","35,747,000",-,-,-,"35,747,000","616,000",-,"236,000","236,000","236,000",-,-,"992,000","2,084,000",-,-,-,"6,501,000","74,708,000","55,711,000","43,076,000","43,076,000","12,635,000","1,756,000","3,858,000","3,858,000","92,000","3,766,000","3,766,000",-,-,"2,363,000","2,363,000",-,"2,363,000",-,-,"4,976,000","4,976,000",-,-,-,"6,044,000","6,317,000","6,317,000","7,431,000",-,"7,431,000","4,383,000","741,000","6,312,000","74,000",-,-,-,-,"11,293,000",-,"6,317,000","4,233,000","13,656,000","4,233,000","7,339,000",-,"730,324","730,324",-,-
22,12/31/2000,"77,114,000","14,252,000","8,462,000",-,"3,125,000","5,337,000",-,-,-,"5,790,000","5,790,000",-,"447,000",-,"19,452,000","12,051,000","7,401,000",-,-,-,-,"35,645,000","36,261,000",-,-,-,"36,261,000","616,000",-,"354,000","354,000","354,000",-,-,"924,000",-,-,-,-,"6,040,000","69,462,000","56,376,000","43,121,000","43,121,000","13,255,000","1,108,000","3,410,000","3,410,000","127,000","3,283,000","3,283,000",-,-,"1,687,000","1,687,000",-,"1,687,000",-,-,"3,036,000","3,036,000",-,-,-,"3,845,000","7,652,000","6,152,000","7,392,000","1,000","7,391,000","3,566,000","521,000","5,526,000","199,000",-,-,-,"1,500,000","9,188,000","1,000","6,151,000","6,152,000","10,874,000","6,151,000","4,723,000",-,"741,068","741,068",-,-
23,12/31/1999,"74,756,000","15,509,000","10,126,000",-,"3,276,000","6,850,000",-,-,-,"5,383,000","5,383,000",-,"739,000",-,"15,614,000","8,715,000","6,899,000",-,-,-,-,"36,952,000","37,547,000",-,-,-,"37,547,000","595,000",-,"319,000","319,000","319,000",-,-,"893,000",-,-,-,-,"4,730,000","68,113,000","55,751,000","43,589,000","43,589,000","12,162,000","1,318,000","2,775,000","2,775,000","131,000","2,644,000","2,644,000",-,-,"3,825,000","3,825,000",-,"3,825,000",-,-,"2,811,000","2,811,000",-,-,-,"1,633,000","6,643,000","5,143,000","7,336,000","1,000","7,335,000","2,620,000","315,000","5,148,000","20,000",-,-,-,"1,500,000","7,954,000","1,000","5,142,000","5,143,000","11,778,000","5,142,000","6,636,000",-,"737,040","737,040",-,-
24,12/31/1998,"63,503,000","11,784,000","8,503,000",-,"3,999,000","4,504,000",-,-,-,"3,281,000","3,281,000",-,"946,000",-,"8,052,000","1,637,000","6,415,000",-,-,-,-,"37,750,000","38,386,000",-,-,-,"38,386,000","636,000",-,"355,000","355,000","355,000",-,-,"856,000",-,-,-,-,"3,760,000","56,755,000","44,632,000","33,152,000","33,152,000","11,480,000","1,571,000","2,371,000","2,371,000","188,000","2,183,000","2,183,000",-,-,"4,536,000","4,536,000",-,"4,536,000",-,-,"2,086,000","2,086,000",-,-,-,"1,559,000","6,748,000","5,448,000","1,000","1,000",-,"1,318,000",-,-,"312,000",-,-,"3,817,000","1,300,000","7,534,000","1,000","5,447,000","5,448,000","12,069,000","5,447,000","6,622,000",-,"773,119","773,119",-,-
25,12/31/1997,"59,961,000","10,715,000","7,895,000",-,"5,769,000","2,126,000",-,-,-,"2,820,000","2,820,000",-,"1,187,000",-,"9,244,000","2,616,000","6,628,000",-,-,-,-,"34,486,000","35,127,000",-,-,-,"35,127,000","641,000",-,"356,000","356,000","356,000",-,-,"835,000",-,-,-,-,"3,138,000","53,959,000","41,357,000","28,796,000","28,796,000","12,561,000","2,329,000","2,092,000","2,092,000","182,000","1,910,000","1,910,000",-,-,"4,673,000","4,673,000",-,"4,673,000",-,-,"1,809,000","1,809,000",-,-,-,"1,699,000","6,002,000","5,002,000","1,000","1,000",-,"3,493,000",-,-,-,-,-,"1,508,000","1,000,000","6,811,000","1,000","5,001,000","5,002,000","11,483,000","5,001,000","6,482,000",-,"749,784","749,784",-,-
26,12/31/1996,"55,765,000","7,981,000","7,419,000",-,"6,032,000","1,387,000",-,-,-,"562,000","562,000",-,"985,000",-,"6,600,000","1,547,000","5,053,000",-,-,-,-,"36,105,000","37,006,000",-,-,-,"37,006,000","901,000",-,"315,000","315,000","315,000",-,-,"875,000",-,-,-,-,"2,904,000","50,038,000","39,343,000","27,531,000","27,531,000","11,812,000","1,737,000","1,584,000","1,584,000","167,000","1,417,000","1,417,000",-,-,"4,144,000","4,144,000",-,"4,144,000",-,-,"1,816,000","1,816,000",-,-,-,"1,414,000","5,727,000","5,127,000","112,000","112,000",-,"2,798,000",-,-,-,-,-,"2,217,000","600,000","6,943,000","112,000","5,015,000","5,127,000","10,975,000","5,015,000","5,960,000",-,"772,936","772,936",-,-
27,12/31/1995,"53,720,000","6,629,000","5,693,000",-,"4,711,000","982,000",-,-,-,"936,000","936,000",-,"918,000",-,"5,632,000","762,000","4,870,000",-,-,-,-,"36,931,000","37,687,000",-,-,-,"37,687,000","756,000",-,"270,000","270,000","270,000",-,-,"902,000",-,-,-,-,"2,438,000","48,488,000","35,918,000","25,453,000","25,453,000","10,465,000","3,933,000","1,568,000","1,568,000","190,000","1,378,000","1,378,000",-,-,"3,706,000","3,706,000",-,"3,706,000",-,-,"1,848,000","1,848,000",-,-,-,"1,515,000","5,232,000","5,232,000","113,000","113,000",-,"2,689,000",-,-,-,-,-,"2,430,000",-,"7,080,000","113,000","5,119,000","5,232,000","10,673,000","5,119,000","5,554,000",-,"792,544","792,544",-,-
28,12/31/1994,"48,879,000","6,914,000","3,895,000",-,"2,903,000","992,000",-,-,-,"3,019,000","3,019,000",-,"810,000",-,"5,591,000","940,000","4,651,000",-,-,-,-,"32,291,000","33,083,000",-,-,-,"33,083,000","792,000",-,"290,000","290,000","290,000",-,-,"914,000",-,-,-,-,"2,069,000","44,583,000","34,091,000","25,512,000","25,512,000","8,579,000","1,502,000","1,262,000","1,262,000","213,000","1,049,000","1,049,000",-,-,"4,738,000","4,738,000",-,"4,738,000",-,-,"1,774,000","1,774,000",-,-,-,"1,216,000","4,296,000","4,296,000","119,000","119,000",-,"2,048,000",-,-,-,-,-,"2,129,000",-,"6,070,000","119,000","4,177,000","4,296,000","10,689,000","4,177,000","6,512,000","2,617,000","750,588","750,588",-,-
29,12/31/1993,"45,546,000","4,816,000","4,780,000",-,"4,511,000","269,000",-,-,-,"36,000","36,000",-,"888,000",-,"6,922,000","1,325,000","5,597,000",-,-,-,-,"29,600,000","30,570,000",-,-,-,"30,570,000","970,000",-,"222,000","222,000","222,000",-,-,"945,000",-,-,-,-,"2,153,000","41,474,000","32,159,000","23,469,000","23,469,000","8,690,000","2,711,000","874,000","874,000","111,000","763,000","763,000",-,-,"2,781,000","2,781,000",-,"2,781,000",-,-,"1,590,000","1,590,000",-,-,-,"1,359,000","4,072,000","4,072,000","294,000","294,000",-,"1,536,000",-,-,-,-,-,"2,242,000",-,"5,662,000","294,000","3,778,000","4,072,000","8,149,000","3,778,000","4,371,000",-,"748,912","748,912",-,-
30,12/31/1992,"40,909,000","5,347,000","5,317,000",-,"5,084,000","233,000",-,-,-,"30,000","30,000",-,"611,000",-,"5,384,000","736,000","4,648,000",-,-,-,-,"26,388,000","27,391,000",-,-,-,"27,391,000","1,003,000",-,"201,000","201,000","201,000",-,-,"718,000",-,-,-,-,"2,260,000","37,394,000","29,449,000","21,915,000","21,915,000","7,534,000","1,685,000","527,000","527,000","146,000","381,000","381,000",-,-,"3,029,000","3,029,000",-,"3,029,000",-,-,"1,701,000","1,701,000",-,-,-,"1,003,000","3,515,000","3,515,000","400,000","400,000",-,"1,010,000",-,-,-,-,-,"2,105,000",-,"5,216,000","400,000","3,115,000","3,515,000","7,845,000","3,115,000","4,730,000",-,"646,920","646,920",-,-
31,12/31/1991,"39,426,000","3,832,000","2,255,000",-,"1,915,000","340,000",-,-,-,"1,577,000","1,577,000",-,"668,000",-,"4,258,000","485,000","3,773,000",-,-,-,-,"26,988,000","27,996,000",-,-,-,"27,996,000","1,008,000",-,"268,000","268,000","268,000",-,-,"734,000",-,-,-,-,"2,678,000","36,524,000","28,974,000","22,632,000","22,632,000","6,342,000","3,597,000","459,000","459,000","225,000","234,000","234,000",-,-,"1,128,000","1,128,000",-,"1,128,000",-,-,"1,232,000","1,232,000",-,-,-,"1,134,000","2,902,000","2,902,000","395,000","395,000",-,"785,000",-,-,-,-,-,"1,722,000",-,"4,134,000","395,000","2,507,000","2,902,000","4,867,000","2,507,000","2,360,000","105,000","559,400","559,400",-,-
32,12/31/1990,"45,389,900","5,302,300","3,712,600",-,"2,860,000","852,600",-,-,-,"1,589,700","1,589,700",-,"1,250,500",-,"3,506,200","219,100","3,287,100",-,-,-,-,"31,971,900","33,009,000",-,-,-,"33,009,000","1,037,100",-,"375,900","375,900","375,900",-,-,"822,200",-,-,-,-,"2,160,900","42,504,200","34,021,200","26,666,100","26,666,100","7,355,100","3,441,100","615,200","615,200","280,000","335,200","335,200",-,-,"1,831,300","1,831,300",-,"1,831,300",-,-,"864,800","864,800",-,-,-,"1,730,600","2,885,700","2,885,700","394,800","394,800",-,"781,200",-,-,-,-,-,"1,709,700",-,"3,750,500","394,800","2,490,900","2,885,700","5,187,000","2,490,900","2,696,100",-,"554,824","554,824",-,-
33,12/31/1989,"48,856,500","5,576,100","3,530,100",-,"2,685,300","844,800",-,-,-,"2,046,000","2,046,000",-,"1,389,200",-,"3,920,100","90,900","3,829,200",-,-,-,-,"34,629,400","35,751,500",-,-,-,"35,751,500","1,122,100",-,"513,000","513,000","513,000",-,-,"851,800",-,-,-,-,"1,976,900","46,092,200","34,927,200","26,895,800","26,895,800","8,031,400","6,076,000","490,100","490,100","392,800","97,300","97,300",-,-,"1,556,100","1,556,100",-,"1,556,100",-,-,"950,700","950,700",-,-,-,"2,092,100","2,764,300","2,764,300","396,500","396,500",-,"687,700",-,-,-,-,-,"1,680,100",-,"3,715,000","396,500","2,367,800","2,764,300","4,874,600","2,367,800","2,506,800",-,"543,168","543,168",-,-
