,Breakdown,Operating Cash Flow,Cash Flow from Continuing Operating Activities,Net Income from Continuing Operations,Operating Gains Losses,Gain Loss On Investment Securities,Earnings Losses from Equity Investments,Depreciation Amortization Depletion,Depreciation & amortization,Depreciation,Amortization,Amortization of Intangibles,Deferred Tax,Deferred Income Tax,Other non-cash items,Provision for Loan Lease And Other Losses,Change in working capital,Change in Receivables,Changes in Account Receivables,Change in Payables And Accrued Expense,Change in Payable,Change in Tax Payable,Change in Income Tax Payable,Change in Loans,Change in Other Current Assets,Change in Other Current Liabilities,Change in Other Working Capital,Taxes Refund Paid,Investing Cash Flow,Cash Flow from Continuing Investing Activities,Proceeds Payment Federal Funds Sold And Securities Purchased Under Agreement To Resell,Proceeds Payment in Interest Bearing Deposits in Bank,Decrease in Interest Bearing Depositsin Bank,Increase in Interest Bearing Depositsin Bank,Net Investment Purchase And Sale,Purchase of Investment,Sale of Investment,Net Proceeds Payment for Loan,Proceeds from Loans,Payment for Loans,Net PPE Purchase And Sale,Purchase of PPE,Sale of PPE,Net Business Purchase And Sale,Purchase of Business,Net Other Investing Changes,Financing Cash Flow,Cash Flow from Continuing Financing Activities,Change in Federal Funds And Securities Sold for Repurchase,Net Issuance Payments of Debt,Net Long Term Debt Issuance,Long Term Debt Issuance,Long Term Debt Payments,Net Short Term Debt Issuance,Short Term Debt Issuance,Net Common Stock Issuance,Common Stock Issuance,Common Stock Payments,Net Preferred Stock Issuance,Preferred Stock Issuance,Preferred Stock Payments,Cash Dividends Paid,Common Stock Dividend Paid,Net Other Financing Charges,Other Cash Adjustment Inside Change in Cash,End Cash Position,Changes in Cash,Effect of Exchange Rate Changes,Beginning Cash Position,Other Cash Adjustment Outside Change in Cash,Income Tax Paid Supplemental Data,Interest Paid Supplemental Data,Capital Expenditure,Issuance of Capital Stock,Issuance of Debt,Repayment of Debt,Repurchase of Capital Stock,Free Cash Flow
0,ttm,"15,260,000","15,260,000","15,278,000","-2,091,000","-49,000","-1,045,000","1,762,000","1,762,000","1,181,000","581,000","581,000","252,000","252,000",-,"1,685,000","-1,626,000",-,-,-,-,-,-,"-107,326,000",-,-,"105,700,000",-,"-14,207,000","-14,207,000",-,"26,382,000",-,-,"-41,544,000","-151,164,000","109,620,000",-,-,-,"-1,524,000","-1,524,000",-,"1,977,000",-,-,"-1,239,000","-1,239,000",-,"-632,000","-632,000","21,000","-653,000",-,-,"-1,294,000","10,236,000","-11,530,000","5,529,000","4,682,000",0,"-4,842,000",-,-,-,"6,815,000","-186,000","173,000","7,001,000",-,"2,280,000","20,864,000","-1,524,000","15,765,000","21,000","-653,000","-11,530,000","13,736,000"
1,4/30/2023,"-54,077,000","-54,077,000","3,351,000","-220,000","21,000","-241,000","479,000","479,000","309,000","170,000","170,000","-635,000","-635,000",-,"599,000","-57,651,000",-,-,-,-,-,-,"-34,137,000",-,-,"-23,514,000",-,"54,016,000","54,016,000",-,"41,884,000",-,-,"13,007,000","-15,428,000","28,435,000",-,-,-,"-373,000",-,-,"-502,000",-,-,"-136,000","-136,000",-,"-168,000","-168,000",-,"-168,000",-,-,"32,000","2,452,000","-2,420,000",0,0,0,0,-,-,-,"6,874,000","-197,000","83,000","6,988,000",-,"878,000","11,035,000","-373,000","2,452,000",-,"-168,000","-2,420,000","-54,450,000"
2,1/31/2023,"5,058,000","5,058,000","1,582,000","-284,000","1,000","-285,000","431,000","431,000","289,000","142,000","142,000","-110,000","-110,000",-,"690,000","2,749,000",-,-,-,-,-,-,"-15,234,000",-,-,"17,983,000",-,"-5,301,000","-5,301,000",-,"-7,024,000",-,-,"2,126,000","-17,992,000","20,118,000",-,-,-,"-403,000","-403,000",-,-,-,-,"-1,214,000","-1,214,000",-,"-103,000","-103,000","53,000","-156,000",-,-,"13,000","1,970,000","-1,957,000",0,-,0,"-1,124,000",-,-,-,"6,988,000","-1,457,000","-111,000","8,556,000",-,"490,000","9,613,000","-403,000","1,970,000","53,000","-156,000","-1,957,000","4,655,000"
3,10/31/2022,"2,591,000","2,591,000","6,671,000","-1,295,000","-8,000","-290,000","463,000","463,000","316,000","147,000","147,000","469,000","469,000",-,"617,000","-4,334,000",-,-,-,-,-,-,"-34,413,000",-,-,"30,079,000",-,"-1,489,000","-1,489,000",-,"-532,000",-,-,"-2,975,000","-37,927,000","34,952,000",-,-,-,"-461,000",-,-,"2,479,000",-,-,"1,525,000","1,525,000",-,"-227,000","-227,000","-42,000","-185,000",-,-,"24,000","2,858,000","-2,834,000","3,884,000","3,884,000",0,"-2,156,000",-,-,-,"8,556,000","2,627,000","255,000","5,674,000",-,"301,000","6,428,000","-461,000","6,742,000","-42,000","-185,000","-2,834,000","2,130,000"
4,7/31/2022,"18,909,000","18,909,000","3,214,000","-310,000","-42,000","-268,000","430,000","430,000","285,000","145,000","145,000","-410,000","-410,000",-,"351,000","15,634,000",-,-,-,-,-,-,"-25,206,000",-,-,"40,840,000",-,"-18,106,000","-18,106,000",-,"-3,736,000",-,-,"-14,116,000","-36,248,000","22,132,000",-,-,-,"-254,000",-,-,0,-,-,"-755,000","-755,000",-,"-145,000","-145,000","20,000","-165,000",-,-,"154,000","2,313,000","-2,159,000","798,000","798,000",0,"-1,562,000",-,-,-,"5,674,000","48,000","-7,000","5,633,000",-,"326,000","3,297,000","-254,000","3,111,000","20,000","-165,000","-2,159,000","18,655,000"
5,4/30/2022,"-11,298,000","-11,298,000","3,811,000","-202,000",0,"-202,000","438,000","438,000","291,000","147,000","147,000","303,000","303,000",-,"27,000","-15,675,000",-,-,-,-,-,-,"-32,473,000",-,-,"16,798,000",-,"10,689,000","10,689,000",-,"37,674,000",-,-,"-26,579,000","-58,997,000","32,418,000",-,-,-,"-406,000",-,-,0,-,-,"-795,000","-795,000",-,"-157,000","-157,000",-,"-157,000",-,-,"-1,485,000","3,095,000","-4,580,000","847,000","847,000",0,0,-,-,-,"5,633,000","-1,404,000","36,000","7,001,000",-,"1,163,000","1,526,000","-406,000","3,942,000",-,"-157,000","-4,580,000","-11,704,000"
6,1/31/2022,"28,747,000","28,747,000","3,733,000","-241,000","-10,000","-231,000","435,000","435,000","275,000","160,000","160,000","140,000","140,000",-,"72,000","24,608,000",-,-,-,-,-,-,"-23,546,000",-,-,"48,154,000",-,"-22,989,000","-22,989,000",-,"-2,951,000",-,-,"-19,705,000","-47,523,000","27,818,000",-,-,-,"-333,000","-333,000",-,0,-,-,"-4,794,000","-4,794,000",-,"-128,000","-128,000","38,000","-166,000",-,-,"-719,000","3,010,000","-3,729,000","-1,000,000",-,"-1,000,000","-2,947,000",-,-,-,"7,001,000","964,000","106,000","5,931,000",-,"2,614,000","1,272,000","-333,000","3,010,000","38,000","-166,000","-4,729,000","28,414,000"
7,10/31/2021,"19,786,000","19,786,000","1,070,000","-235,000","-11,000","-224,000","475,000","475,000","296,000","179,000","179,000","99,000","99,000",-,"-123,000","18,500,000",-,-,-,-,-,-,"-20,500,000",-,-,"39,000,000",-,"-16,790,000","-16,790,000",-,"2,665,000",-,-,"-19,121,000","-41,886,000","22,765,000",-,-,-,"-358,000","-358,000",-,"24,000",-,-,"-2,829,000","-2,829,000",-,"-113,000","-113,000","-4,000","-109,000",-,-,"54,000","2,613,000","-2,559,000",0,0,0,"-2,770,000",-,-,-,"5,931,000","167,000","-53,000","5,817,000",-,"1,590,000","1,136,000","-358,000","2,613,000","-4,000","-109,000","-2,559,000","19,428,000"
8,7/31/2021,"4,057,000","4,057,000","4,467,000","-200,000","-30,000","-170,000","469,000","469,000","295,000","174,000","174,000","-207,000","-207,000",-,"-37,000","-435,000",-,-,-,-,-,-,"-14,240,000",-,-,"13,805,000",-,"-5,576,000","-5,576,000",-,"20,866,000",-,-,"-24,274,000","-52,683,000","28,409,000",-,-,-,"-286,000","-286,000",-,"-1,882,000",-,-,"1,563,000","1,563,000",-,"-166,000","-166,000",0,"-166,000",-,-,"-16,000","2,577,000","-2,593,000","1,745,000","1,745,000",0,0,-,-,-,"5,817,000","44,000","55,000","5,718,000",-,"886,000","1,457,000","-286,000","4,322,000",0,"-166,000","-2,593,000","3,771,000"
9,4/30/2021,"-16,736,000","-16,736,000","4,657,000","-175,000","47,000","-222,000","543,000","543,000","370,000","173,000","173,000","197,000","197,000",-,"-377,000","-21,581,000",-,-,-,-,-,-,"-13,635,000",-,-,"-7,946,000",-,"18,533,000","18,533,000",-,"28,697,000",-,-,"-9,981,000","-46,953,000","36,972,000",-,-,-,"-183,000",-,-,-,-,-,"-2,148,000","-2,148,000",-,"-137,000","-137,000","8,000","-145,000",-,-,"88,000","2,821,000","-2,733,000","-700,000",-,"-700,000","-1,399,000",-,-,-,"5,718,000","-351,000","-181,000","6,250,000",-,"900,000","1,585,000","-183,000","2,821,000","8,000","-145,000","-3,433,000","-16,919,000"
10,1/31/2021,"42,723,000","42,723,000","4,104,000","-189,000","-20,000","-169,000","579,000","579,000","399,000","180,000","180,000","169,000","169,000",-,"313,000","37,747,000",-,-,-,-,-,-,"2,272,000",-,-,"35,475,000",-,"-41,136,000","-41,136,000",-,"-52,957,000",-,-,"11,824,000","-33,430,000","45,254,000","9,435,000","36,713,000","-27,278,000","-3,000","-3,000",-,-,-,-,"-1,622,000","-1,622,000",-,"-134,000","-134,000","2,000","-136,000",-,-,"-102,000","3,077,000","-3,179,000",-,-,-,"-1,386,000","-1,386,000",-,-,"6,250,000","-35,000","-160,000","6,445,000",-,"695,000","1,700,000","-3,000","3,077,000","2,000","-136,000","-3,179,000","42,720,000"
11,10/31/2020,"22,801,000","22,801,000","4,941,000","-1,876,000","-32,000","-1,844,000","636,000","636,000","429,000","207,000","207,000","-435,000","-435,000",-,"917,000","18,618,000",-,-,-,-,-,-,"7,961,000",-,-,"10,657,000",-,"-19,121,000","-19,121,000",-,"-2,630,000",-,-,"-15,551,000","-58,479,000","42,928,000","-29,041,000","24,511,000","-53,552,000","-940,000","-940,000",-,0,0,-,"-2,627,000","-2,627,000",-,"-1,123,000","-1,123,000",0,"-1,123,000",-,-,"35,000","2,024,000","-1,989,000","-156,000",0,"-156,000","-1,383,000","-1,383,000",-,-,"6,445,000","1,053,000","-18,000","5,410,000",-,"743,000","1,309,000","-940,000","2,024,000",0,"-1,123,000","-2,145,000","21,861,000"
12,7/31/2020,"60,331,000","60,331,000","2,693,000","-338,000","-10,000","-328,000","503,000","503,000","300,000","203,000","203,000","-214,000","-214,000",-,"2,188,000","55,499,000",-,-,-,-,-,-,"27,296,000",-,-,"28,203,000",-,"-57,534,000","-57,534,000",-,"-14,759,000",-,-,"-42,708,000","-69,952,000","27,244,000","-43,180,000","10,639,000","-53,819,000","-67,000","-67,000",-,0,-,-,"-2,564,000","-2,564,000",-,"-1,636,000","-1,636,000",0,"-1,636,000",-,-,"-20,000","2,161,000","-2,181,000",0,0,-,"-908,000","-908,000",-,-,"5,410,000","233,000","-120,000","5,297,000",-,"197,000","1,673,000","-67,000","2,161,000",0,"-1,636,000","-2,181,000","60,264,000"
13,4/30/2020,"137,948,000","137,948,000","1,765,000","-235,000","12,000","-247,000","509,000","509,000","304,000","205,000","205,000","-542,000","-542,000",-,"3,218,000","133,233,000",-,-,-,-,-,-,"10,234,000",-,-,"122,999,000",-,"-138,898,000","-138,898,000",-,"-112,703,000",-,-,"-25,657,000","-46,325,000","20,668,000",-,-,-,"-538,000","-538,000",-,0,0,-,"1,011,000","1,011,000",-,"2,879,000","2,879,000","3,000,000","-121,000",-,-,"-453,000","2,478,000","-2,931,000",0,0,-,"-1,415,000","-1,415,000",-,-,"5,297,000","61,000","163,000","5,073,000",-,"619,000","3,070,000","-538,000","2,478,000","3,000,000","-121,000","-2,931,000","137,410,000"
14,1/31/2020,"10,667,000","10,667,000","3,648,000","-215,000","-10,000","-205,000","493,000","493,000","291,000","202,000","202,000","126,000","126,000",-,"919,000","5,696,000",-,-,-,-,-,-,"-25,315,000",-,-,"31,011,000",-,"-8,562,000","-8,562,000",-,"-8,474,000",-,-,"124,000","-22,516,000","22,640,000",-,-,-,"-212,000",-,-,0,0,-,"-1,910,000","-1,910,000",-,"-207,000","-207,000",-,"-207,000",-,-,"-366,000","2,254,000","-2,620,000",0,0,-,"-1,337,000","-1,337,000",-,-,"5,073,000","195,000","15,000","4,863,000",-,"726,000","4,235,000","-212,000","2,254,000",-,"-207,000","-2,620,000","10,455,000"
15,10/31/2019,"797,000","797,000","3,502,000","-332,000","-31,000","-301,000","377,000","377,000","166,000","211,000","211,000","-80,000","-80,000",-,"891,000","-3,561,000",-,-,-,-,-,-,"-14,335,000",-,-,"10,774,000",-,"906,000","906,000",-,"9,114,000",-,-,"-7,992,000","-31,417,000","23,425,000",-,-,-,"-216,000",-,-,0,-,-,"-1,847,000","-1,847,000",-,"106,000","106,000","106,000",-,-,-,"-615,000","2,321,000","-2,936,000",0,0,0,"-1,338,000","-1,338,000",0,-,"4,863,000","-144,000","-5,000","5,012,000",-,"791,000","4,314,000","-216,000","2,321,000","106,000",-,"-2,936,000","581,000"
16,7/31/2019,"4,449,000","4,449,000","4,061,000","-326,000","-23,000","-303,000","345,000","345,000","150,000","195,000","195,000","-3,000","-3,000",-,"655,000","-283,000",-,-,-,-,-,-,"-19,536,000",-,-,"19,253,000",-,"-4,352,000","-4,352,000",-,"-6,244,000",-,-,"2,009,000","-18,762,000","20,771,000",-,-,-,"-113,000",-,-,"-4,000","-4,000",-,"-47,000","-47,000",-,"1,644,000","1,644,000","1,749,000","-105,000",-,-,"-819,000","2,418,000","-3,237,000","445,000","445,000",0,"-1,317,000","-1,317,000",-,-,"5,012,000","50,000","-47,000","5,009,000",-,"848,000","4,649,000","-113,000","2,863,000","1,749,000","-105,000","-3,237,000","4,336,000"
17,4/30/2019,"-1,668,000","-1,668,000","3,945,000","-301,000","-35,000","-266,000","344,000","344,000","145,000","199,000","199,000","-91,000","-91,000",-,"633,000","-6,198,000",-,-,-,-,-,-,"-30,415,000",-,-,"24,217,000",-,"3,874,000","3,874,000",-,"3,218,000",-,-,"948,000","-15,585,000","16,533,000",-,-,-,"-292,000",-,-,0,-,-,"-1,637,000","-1,637,000",-,"-21,000","-21,000",-,"-21,000",-,-,"-302,000","3,004,000","-3,306,000",0,0,-,"-1,314,000","-1,314,000",-,-,"5,009,000","569,000","59,000","4,381,000",-,"783,000","4,290,000","-292,000","3,004,000",-,"-21,000","-3,306,000","-1,960,000"
18,1/31/2019,"-3,307,000","-3,307,000","2,913,000","-311,000","11,000","-322,000","339,000","339,000","144,000","195,000","195,000","141,000","141,000",-,"850,000","-7,239,000",-,-,-,-,-,-,"-1,756,000",-,-,"-5,483,000",-,"5,078,000","5,078,000",-,"-951,000",-,-,"6,738,000","-10,336,000","17,074,000",-,-,-,"-173,000",-,-,"-536,000",-,-,"-2,121,000","-2,121,000",-,-,-,-,-,-,-,"-312,000","2,377,000","-2,689,000","390,000","390,000",-,"-1,188,000","-1,188,000","-1,011,000",-,"4,381,000","-350,000","-4,000","4,735,000",-,"1,167,000","4,705,000","-173,000","2,767,000",-,-,"-2,689,000","-3,480,000"
19,10/31/2018,"1,846,000","1,846,000","3,651,000","-269,000","-34,000","-235,000","366,000","366,000","149,000","217,000","217,000","-21,000","-21,000",-,"670,000","-2,551,000",-,-,-,-,-,-,"-15,156,000",-,-,"12,605,000",-,"-3,389,000","-3,389,000",-,"3,858,000",-,-,"-6,986,000","-20,252,000","13,266,000",-,-,-,"-261,000",-,-,0,-,-,"709,000","709,000",-,"1,719,000","1,719,000","1,750,000","-31,000",-,-,"44,000","2,204,000","-2,160,000","144,000","394,000","-250,000","-1,180,000","-1,180,000","-18,000",-,"4,735,000","-834,000","28,000","5,541,000",-,"504,000","4,025,000","-261,000","2,598,000","1,750,000","-31,000","-2,410,000","1,585,000"
20,7/31/2018,"7,760,000","7,760,000","3,810,000","-246,000","-16,000","-230,000","336,000","336,000","150,000","186,000","186,000","-138,000","-138,000",-,"561,000","3,437,000",-,-,-,-,-,-,"-13,789,000",-,-,"17,226,000",-,"-2,885,000","-2,885,000",-,"1,809,000",-,-,"-4,519,000","-19,475,000","14,956,000",-,-,-,"-175,000",-,-,-,-,-,"-3,562,000","-3,562,000",-,"-618,000","-618,000",0,"-618,000",-,-,"-1,484,000","2,568,000","-4,052,000","-250,000",0,"-250,000","-1,192,000","-1,192,000","-18,000",-,"5,541,000","1,313,000","31,000","4,197,000",-,"614,000","3,838,000","-175,000","2,568,000",0,"-618,000","-4,302,000","7,585,000"
21,4/30/2018,"-6,144,000","-6,144,000","3,662,000","-134,000","-3,000","-131,000","356,000","356,000","140,000","216,000","216,000","-136,000","-136,000",-,"556,000","-10,448,000",-,-,-,-,-,-,"-21,570,000",-,-,"11,122,000",-,"7,253,000","7,253,000",-,"8,506,000",-,-,"-1,028,000","-16,528,000","15,500,000",-,-,-,"-225,000",-,-,-,-,-,"-910,000","-910,000",-,"31,000","31,000","31,000",-,-,-,"-70,000","1,713,000","-1,783,000","346,000","346,000",-,"-1,199,000","-1,199,000","-18,000",-,"4,197,000","199,000","102,000","3,896,000",-,"1,816,000","3,103,000","-225,000","2,059,000","31,000",-,"-1,783,000","-6,369,000"
22,1/31/2018,"2,231,000","2,231,000","3,393,000","-150,000","-3,000","-147,000","333,000","333,000","137,000","196,000","196,000","680,000","680,000",-,"693,000","-2,718,000",-,-,-,-,-,-,"-8,854,000",-,-,"6,136,000",-,"570,000","570,000",-,"6,292,000",-,-,"-5,796,000","-15,677,000","9,881,000",-,-,-,"74,000",-,-,-,-,-,"-2,764,000","-2,764,000",-,"-1,850,000","-1,850,000",-,"-1,850,000",-,-,"167,000","2,097,000","-1,930,000",-,-,-,"-1,063,000","-1,063,000","-18,000",-,"3,896,000","37,000","-112,000","3,971,000",-,"601,000","2,922,000",-,"2,097,000",-,"-1,850,000","-1,930,000","2,231,000"
23,10/31/2017,"17,748,000","17,748,000","3,352,000","-144,000","-41,000","-103,000","332,000","332,000","146,000","186,000","186,000","-19,000","-19,000","-204,000","578,000","13,853,000",-,-,-,-,-,-,"-19,877,000",-,-,"33,730,000",-,"-25,806,000","-25,806,000","-14,029,000","-5,584,000",-,-,"-3,759,000","-15,879,000","12,120,000",-,-,-,"-305,000",-,-,"-2,129,000",-,-,"7,838,000","7,838,000","10,473,000","-270,000","-270,000",0,"-270,000",-,-,"-640,000","2,599,000","-3,239,000",0,0,-,"-1,073,000","-1,073,000","-652,000",-,"3,971,000","-220,000","78,000","4,113,000",-,"756,000","2,384,000","-305,000","2,599,000",0,"-270,000","-3,239,000","17,443,000"
24,7/31/2017,"-2,858,000","-2,858,000","3,529,000","-159,000","-37,000","-122,000","337,000","337,000","164,000","173,000","173,000","122,000","122,000",-,"505,000","-7,192,000",-,-,-,-,-,-,"18,849,000",-,-,"-26,041,000",-,"-2,589,000","-2,589,000","-6,566,000","8,626,000",-,-,"-4,792,000","-23,617,000","18,825,000",-,-,-,"143,000",-,-,-,-,-,"4,503,000","4,503,000","3,510,000","1,500,000","1,500,000","1,500,000",0,-,-,"246,000","2,472,000","-2,226,000","346,000","346,000",-,"-1,070,000","-1,070,000","-29,000",-,"4,113,000","-944,000","-214,000","5,271,000",-,"711,000","2,457,000",-,"2,818,000","1,500,000",0,"-2,226,000","-2,858,000"
25,4/30/2017,"10,180,000","10,180,000","2,760,000","-147,000","-36,000","-111,000","320,000","320,000","145,000","175,000","175,000","-147,000","-147,000",-,"500,000","6,894,000",-,-,-,-,-,-,"-15,515,000",-,-,"22,409,000",-,"-22,079,000","-22,079,000","-17,445,000","211,000",-,-,"-4,594,000","-19,350,000","14,756,000",-,-,-,"-251,000",-,-,-,-,-,"13,304,000","13,304,000","15,270,000",0,0,0,0,-,-,"-861,000","2,372,000","-3,233,000",0,0,-,"-1,077,000","-1,077,000","-28,000",-,"5,271,000","1,405,000","118,000","3,748,000",-,"619,000","2,056,000","-251,000","2,372,000",0,0,"-3,233,000","9,929,000"
26,1/31/2017,"7,952,000","7,952,000","3,129,000","-127,000","-14,000","-113,000","318,000","318,000","148,000","170,000","170,000","219,000","219,000",-,"633,000","3,780,000",-,-,-,-,-,-,"-12,183,000",-,-,"15,963,000",-,"-14,989,000","-14,989,000","-10,337,000","-724,000",-,-,"-3,907,000","-23,384,000","19,477,000",-,-,-,"-21,000",-,-,-,-,-,"6,954,000","6,954,000","10,365,000","-2,250,000","-2,250,000",-,"-2,250,000",-,-,"-141,000","2,387,000","-2,528,000",0,0,-,"-991,000","-991,000","-29,000",-,"3,748,000","-83,000","-76,000","3,907,000",-,"780,000","2,060,000","-21,000","2,387,000",-,"-2,250,000","-2,528,000","7,931,000"
27,10/31/2016,"1,092,000","1,092,000","2,858,000","-122,000","-28,000","-94,000","350,000","350,000","168,000","182,000","182,000","83,000","83,000",-,"548,000","-2,625,000",-,-,-,-,-,-,"-12,066,000",-,-,"9,441,000",-,"6,915,000","6,915,000","14,057,000","891,000",-,-,"-7,692,000","-22,427,000","14,735,000",-,-,-,"-341,000",-,-,0,-,-,"-7,745,000","-7,745,000","-9,789,000","2,012,000","2,012,000","2,012,000",0,-,-,"47,000","1,466,000","-1,419,000","992,000","992,000",0,"-978,000","-978,000","-29,000",-,"3,907,000","262,000","52,000","3,593,000",-,"565,000","1,728,000","-341,000","2,458,000","2,012,000",0,"-1,419,000","751,000"
28,7/31/2016,"26,164,000","26,164,000","2,934,000","-158,000","-37,000","-121,000","334,000","334,000","156,000","178,000","178,000","-37,000","-37,000",-,"556,000","22,535,000",-,-,-,-,-,-,"-29,031,000",-,-,"51,566,000",-,"-19,855,000","-19,855,000","-6,289,000","-6,827,000",-,-,"-6,434,000","-18,812,000","12,378,000",-,-,-,"-305,000",-,-,-,-,-,"-6,084,000","-6,084,000","-5,066,000",0,0,0,0,-,-,"-19,000","1,393,000","-1,412,000",0,0,0,"-970,000","-970,000","-29,000",-,"3,593,000","225,000","76,000","3,292,000",-,"235,000","1,697,000","-305,000","1,393,000",0,0,"-1,412,000","25,859,000"
29,4/30/2016,"668,000","668,000","2,518,000","-110,000","-1,000","-109,000","329,000","329,000","156,000","173,000","173,000","178,000","178,000",-,"584,000","-2,831,000",-,-,-,-,-,-,"20,006,000",-,-,"-22,837,000",-,"931,000","931,000","7,121,000","961,000",-,-,"-7,392,000","-18,632,000","11,240,000",-,-,-,"241,000",-,-,-,-,-,"-1,296,000","-1,296,000","-1,609,000","1,250,000","1,250,000","1,250,000",0,-,-,"61,000","1,483,000","-1,422,000",0,0,0,"-970,000","-970,000","-28,000",-,"3,292,000","303,000","-215,000","3,204,000",-,"97,000","1,492,000",-,"1,483,000","1,250,000",0,"-1,422,000","668,000"
30,1/31/2016,"16,201,000","16,201,000","2,769,000","-97,000","12,000","-109,000","324,000","324,000","149,000","175,000","175,000","-121,000","-121,000",-,"642,000","12,684,000",-,-,-,-,-,-,"-30,681,000",-,-,"43,365,000",-,"-12,963,000","-12,963,000","-3,577,000","-6,256,000",-,-,"-2,738,000","-13,890,000","11,152,000",-,-,-,"-392,000",-,-,-,-,-,"-3,326,000","-3,326,000","-1,719,000","-1,000,000","-1,000,000",-,"-1,000,000",-,-,"-382,000","1,736,000","-2,118,000","694,000","694,000",-,"-890,000","-890,000","-29,000",-,"3,204,000","-88,000","138,000","3,154,000",-,"285,000","1,642,000","-392,000","2,430,000",-,"-1,000,000","-2,118,000","15,809,000"
31,10/31/2015,"11,053,000","11,053,000","2,098,000","-119,000","-11,000","-108,000","320,000","320,000","149,000","171,000","171,000","-92,000","-92,000",-,"509,000","8,337,000",-,-,-,-,-,-,"-432,000",-,-,"8,769,000",-,"-3,843,000","-3,843,000","4,961,000","6,598,000",-,-,"-12,325,000","-20,718,000","8,393,000",-,-,-,"-159,000",-,-,"-2,918,000",-,-,"-7,597,000","-7,597,000","-6,871,000","200,000","200,000","1,000,000","-800,000",-,-,"-8,000","1,147,000","-1,155,000",0,0,0,"-889,000","-889,000","-29,000",-,"3,154,000","-387,000","-1,000","3,542,000",-,"125,000","1,377,000","-159,000","1,147,000","1,000,000","-800,000","-1,155,000","10,894,000"
32,7/31/2015,"5,302,000","5,302,000","2,768,000","-105,000","-14,000","-91,000","315,000","315,000","148,000","167,000","167,000","-229,000","-229,000",-,"437,000","2,116,000",-,-,-,-,-,-,"-29,705,000",-,-,"31,821,000",-,"-19,885,000","-19,885,000","-13,081,000","-3,427,000",-,-,"-3,025,000","-16,931,000","13,906,000",-,-,-,"-352,000",-,-,0,-,-,"15,032,000","15,032,000","14,532,000","1,500,000","1,500,000","1,500,000",0,-,-,"9,000","1,569,000","-1,560,000","-108,000","148,000","-256,000","-873,000","-873,000","-28,000",-,"3,542,000","449,000","148,000","2,945,000",-,"51,000","1,793,000","-352,000","1,717,000","1,500,000",0,"-1,816,000","4,950,000"
33,4/30/2015,"-335,000","-335,000","2,203,000","-85,000","3,000","-88,000","-18,000","-18,000","148,000","-166,000","-166,000","313,000","313,000",-,"375,000","-3,123,000",-,-,-,-,-,-,"5,335,000",-,-,"-8,458,000",-,"2,098,000","2,098,000","4,167,000","4,970,000",-,-,"-7,108,000","-16,398,000","9,290,000",-,-,-,"69,000",-,-,0,-,-,"-1,622,000","-1,622,000","-128,000","-875,000","-875,000","-875,000","-875,000",-,-,"213,000","1,816,000","-1,603,000","82,000","543,000","-461,000","-886,000","-886,000","-28,000",-,"2,945,000","141,000","-95,000","2,899,000",-,"258,000","1,406,000",-,"2,359,000","-875,000","-875,000","-2,064,000","-335,000"
34,1/31/2015,"19,253,000","19,253,000","2,478,000","-147,000","-57,000","-90,000","-15,000","-15,000","143,000","-158,000","-158,000","-344,000","-344,000",-,"362,000","16,919,000",-,-,-,-,-,-,"-35,558,000",-,-,"52,477,000",-,"-25,447,000","-25,447,000","-10,855,000","-6,851,000",-,-,"-7,211,000","-19,871,000","12,660,000",-,-,-,"-530,000",-,-,0,-,-,"6,103,000","6,103,000","6,511,000",-,-,-,-,-,-,"-78,000","1,117,000","-1,195,000","493,000","493,000",0,"-796,000","-796,000","-27,000",-,"2,899,000","-91,000","209,000","2,781,000",-,"120,000","1,591,000","-530,000","1,610,000",-,-,"-1,195,000","18,723,000"
35,10/31/2014,"5,000,000","5,000,000","2,116,000","-106,000","-20,000","-86,000","320,000","320,000","152,000","168,000","168,000","-140,000","-140,000",-,"371,000","2,439,000",-,-,-,-,-,-,"-15,486,000",-,-,"17,925,000",-,"2,057,000","2,057,000","9,243,000","-7,065,000",-,-,"219,000","-7,972,000","8,191,000",-,-,-,"-340,000",-,-,0,-,-,"-7,435,000","-7,435,000","-6,116,000","-150,000","-150,000","-150,000",-,-,-,"79,000","1,244,000","-1,165,000","-427,000","-2,000","-425,000","-816,000","-816,000","-5,000",-,"2,781,000","-378,000","60,000","3,099,000",-,"407,000","1,488,000","-340,000","1,242,000","-150,000",-,"-1,590,000","4,660,000"
36,7/31/2014,"14,812,000","14,812,000","2,437,000","-97,000","-20,000","-77,000","261,000","261,000","121,000","140,000","140,000","148,000","148,000",-,"338,000","11,725,000",-,-,-,-,-,-,"-15,762,000",-,-,"27,487,000",-,"-20,894,000","-20,894,000","-11,963,000","-2,982,000",-,-,"-5,816,000","-13,758,000","7,942,000",-,-,-,"-105,000",-,-,"-28,000",-,-,"6,318,000","6,318,000","6,962,000",0,0,0,-,-,-,"-127,000","1,195,000","-1,322,000","364,000","989,000","-625,000","-795,000","-795,000","-86,000",-,"3,099,000","236,000","-10,000","2,873,000",-,"284,000","1,732,000","-105,000","2,184,000",0,-,"-1,947,000","14,707,000"
37,4/30/2014,"-12,056,000","-12,056,000","2,435,000","-125,000","-45,000","-80,000","276,000","276,000","136,000","140,000","140,000","-38,000","-38,000",-,"392,000","-14,499,000",-,-,-,-,-,-,"-1,666,000",-,-,"-12,833,000","-497,000","8,364,000","8,364,000","-197,000","10,436,000",-,-,"-1,962,000","-14,336,000","12,374,000",-,-,-,"-54,000",-,-,"141,000",-,-,"3,722,000","3,722,000","5,163,000",0,0,0,-,-,-,"104,000","1,050,000","-946,000","-675,000",-,"-675,000","-831,000","-831,000","-39,000",-,"2,873,000","30,000","-31,000","2,874,000",-,-,"1,556,000","-54,000","1,050,000",0,-,"-1,621,000","-12,110,000"
38,1/31/2014,"18,211,000","18,211,000","2,407,000","-165,000","-88,000","-77,000","283,000","283,000","133,000","150,000","150,000","61,000","61,000",-,"456,000","15,222,000",-,-,-,-,-,-,"-11,430,000",-,-,"26,652,000","-53,000","-23,002,000","-23,002,000","-7,831,000","-15,579,000",-,-,"3,627,000","-12,116,000","15,743,000",-,-,-,"-338,000",-,-,"-2,881,000",-,-,"3,960,000","3,960,000","5,164,000",0,0,0,-,-,-,"32,000","1,170,000","-1,138,000","-468,000",-,"-468,000","-746,000","-746,000","-22,000",-,"2,874,000","-831,000","124,000","3,581,000",-,-,"1,702,000","-338,000","1,170,000",0,-,"-1,606,000","17,873,000"
39,10/31/2013,"7,629,000","7,629,000","1,862,000","-116,000","-35,000","-81,000","283,000","283,000","130,000","153,000","153,000","-281,000","-281,000",-,"352,000","5,605,000",-,-,-,-,-,-,"-21,021,000",-,-,"26,626,000","-76,000","-8,673,000","-8,673,000","-253,000","-7,101,000",-,-,"-1,077,000","-20,933,000","19,856,000",-,-,-,"-242,000",-,-,0,-,-,"1,523,000","1,523,000","2,628,000","64,000","64,000",-,0,-,-,"-328,000","1,112,000","-1,440,000","-6,000",-,"-6,000","-742,000","-742,000","-93,000",-,"3,581,000","479,000","35,000","3,067,000",-,-,"1,486,000","-242,000","1,112,000",-,0,"-1,446,000","7,387,000"
40,7/31/2013,"11,472,000","11,472,000","1,779,000","-107,000","-32,000","-75,000","257,000","257,000","131,000","126,000","126,000","-316,000","-316,000",-,"477,000","9,492,000",-,-,-,-,-,-,"-9,533,000",-,-,"19,025,000","-110,000","-11,353,000","-11,353,000","4,516,000","-2,003,000",-,-,"-13,659,000","-26,455,000","12,796,000",-,-,-,"-233,000",-,-,"26,000",-,-,"-137,000","-137,000","1,775,000","-900,000","-900,000",-,"-900,000",-,-,"-302,000","1,109,000","-1,411,000","-2,000",-,"-2,000","-702,000","-702,000","-6,000",-,"3,067,000","-18,000","43,000","3,042,000",-,-,"1,866,000","-233,000","1,109,000",-,"-900,000","-1,413,000","11,239,000"
41,4/30/2013,"11,696,000","11,696,000","2,014,000","-164,000","-107,000","-57,000","253,000","253,000","129,000","124,000","124,000","226,000","226,000",-,"417,000","9,327,000",-,-,-,-,-,-,"-4,544,000",-,-,"13,871,000","-377,000","-3,673,000","-3,673,000","-2,494,000","10,586,000",-,-,"-4,999,000","-15,665,000","10,666,000",-,-,-,"-197,000",-,-,"-6,569,000",-,-,"-8,122,000","-8,122,000","-7,333,000",0,0,0,-,-,-,"44,000","790,000","-746,000","-119,000",-,"-119,000","-718,000","-718,000","4,000",-,"3,042,000","-99,000","5,000","3,136,000",-,-,"1,602,000","-197,000","790,000",0,-,"-865,000","11,499,000"
42,1/31/2013,"898,000","898,000","2,150,000","-189,000","-130,000","-59,000","246,000","246,000","128,000","118,000","118,000","9,000","9,000",-,"385,000","-1,397,000",-,-,-,-,-,-,"-10,081,000",-,-,"8,684,000","-306,000","3,601,000","3,601,000","3,146,000","-8,645,000",-,-,"9,179,000","-10,462,000","19,641,000",-,-,-,"-79,000",-,-,0,-,-,"-4,753,000","-4,753,000","-1,472,000","-2,500,000","-2,500,000","-2,500,000",-,-,-,"70,000","891,000","-821,000","-356,000",-,"-356,000","-485,000","-485,000","-10,000",-,"3,136,000","-254,000","-46,000","3,436,000",-,-,"1,974,000","-79,000","891,000","-2,500,000",-,"-1,177,000","819,000"
43,10/31/2012,"2,116,000","2,116,000",-,"-235,000","-235,000",-,"263,000","263,000","130,000","133,000","133,000","-43,000","-43,000","1,503,000","565,000","63,000","203,000","203,000",-,-,-,-,"-4,201,000","-4,680,000","9,284,000","-543,000","-272,000","-5,531,000","-5,531,000","1,178,000","-4,432,000",-,-,"-2,012,000","-15,529,000","13,517,000",-,-,-,"-265,000","-265,000",-,0,0,-,"3,869,000","3,869,000","4,323,000",0,0,-,"-24,000",-,-,"35,000","1,096,000","-1,061,000","6,000",-,"6,000","-469,000",-,"-20,000",-,"3,436,000","454,000","-7,000","2,989,000",-,-,"1,471,000","-265,000","1,096,000",-,"-24,000","-1,061,000","1,851,000"
44,7/31/2012,"7,487,000","7,487,000",-,"-98,000","-98,000",-,"236,000","236,000","123,000","113,000","113,000","-4,000","-4,000","1,994,000","438,000","5,122,000","-219,000","-219,000",-,-,-,-,"-11,246,000","-4,850,000",-,"21,437,000","-201,000","-3,860,000","-3,860,000","1,216,000","1,016,000",-,-,"-5,876,000","-19,874,000","13,998,000",-,-,-,"-216,000",-,-,0,-,-,"-3,754,000","-3,754,000","-3,037,000","-201,000","-201,000",-,"-201,000",-,-,"7,000","599,000","-592,000","-15,000",-,"-15,000","-449,000",-,"-59,000",-,"2,989,000","-127,000","29,000","3,087,000",-,-,"2,100,000","-216,000","599,000",-,"-201,000","-607,000","7,271,000"
45,4/30/2012,"-2,302,000","-2,302,000","2,044,000","-174,000","-120,000","-54,000","242,000","242,000","121,000","121,000","121,000","117,000","117,000",-,"388,000","-4,555,000",-,-,-,-,-,-,"-1,644,000",-,-,"-2,911,000","-364,000","305,000","305,000","-1,973,000","-5,270,000",-,-,"7,657,000","-13,593,000","21,250,000",-,-,-,"-109,000",-,-,0,-,-,"2,244,000","2,244,000","2,654,000",0,0,0,-,-,-,"89,000","805,000","-716,000","10,000","10,000",-,"-469,000","-469,000","-40,000",-,"3,087,000","247,000","-30,000","2,870,000",-,-,"1,688,000","-109,000","815,000",0,-,"-716,000","-2,411,000"
46,1/31/2012,"7,000,000","7,000,000",-,"-100,000","-100,000",-,"244,000","244,000","134,000","110,000","110,000","42,000","42,000","1,750,000","404,000","5,119,000","-345,000","-345,000",-,-,-,-,"-7,593,000","-10,137,000","17,323,000","5,871,000","-459,000","-13,748,000","-13,748,000","-10,982,000","8,010,000",-,-,"-3,700,000","-15,865,000","12,165,000",-,-,-,"-237,000",-,-,"-6,839,000","-6,839,000",-,"6,510,000","6,510,000","6,974,000",0,0,-,-,-,-,"11,000","894,000","-883,000","-12,000",-,"-12,000","-483,000",-,"20,000",-,"2,870,000","-238,000","12,000","3,096,000",-,-,"2,109,000","-237,000","894,000",-,-,"-895,000","6,763,000"
47,10/31/2011,"-2,404,000","-2,404,000","1,566,000","-351,000","-12,000","-64,000","317,000","317,000","126,000","191,000","191,000","13,000","13,000","26,000","334,000","-4,309,000",-,-,-,-,-,-,-,"-3,439,000",-,"-826,000",-,"-13,112,000","-13,112,000","14,556,000","-4,606,000",-,-,"-11,427,000","-24,744,000","13,317,000","-11,389,000","3,290,000","-14,679,000","-149,000",-,-,"-97,000",-,-,"15,648,000","15,648,000","-6,439,000","237,000","-502,000",0,"-502,000",-,-,"693,000","1,461,000","-768,000","-548,000",-,"-548,000","-485,000",-,"-993,000",-,"3,096,000","132,000","65,000","2,899,000",-,-,-,"-149,000","1,461,000",0,"-502,000","-766,000","-2,553,000"
48,7/31/2011,"4,424,000","4,424,000","1,450,000","-239,000","-180,000","-59,000","284,000","284,000","106,000","178,000","178,000","-147,000","-147,000","27,000","374,000","2,675,000","115,000","-232,000",-,-,-,-,-,"1,797,000",-,"763,000",-,"-34,617,000","-34,617,000","-17,814,000","-2,737,000",-,-,"-2,314,000","-17,808,000","15,494,000","-11,939,000","3,489,000","-15,428,000","187,000",-,-,0,-,-,"29,991,000","29,991,000","7,918,000","1,509,000","-308,000",0,"-308,000",-,-,"34,000","406,000","-372,000",0,-,0,"-456,000",-,"441,000",-,"2,899,000","-202,000","15,000","3,086,000",-,-,-,-,"406,000",0,"-308,000","-372,000","4,611,000"
49,4/30/2011,"691,000","691,000","1,332,000","-145,000",-,"-66,000","293,000","293,000","122,000","171,000","171,000","73,000","73,000","25,000","343,000","-1,230,000","115,000",-,-,-,-,-,-,-,-,"5,750,000",-,"4,280,000","4,280,000","-912,000","3,961,000",-,-,"3,737,000","-12,338,000","16,075,000","1,345,000","3,480,000","-2,135,000","-639,000",-,-,-,-,-,"-4,407,000","-4,407,000","-1,071,000","-2,433,000","-4,000",0,"-4,000","-2,429,000",-,"79,000","584,000","-505,000",-,-,-,"-460,000",-,-,-,"3,086,000","564,000","-87,000","2,609,000",-,"395,000","1,288,000",-,"584,000","-612,000","-4,000","-507,000","349,000"
50,1/31/2011,"-3,470,000","-3,470,000","1,541,000","-179,000",-,"-57,000","288,000","288,000","113,000","175,000","175,000","-55,000","-55,000","26,000","414,000","-5,505,000","-971,000",-,-,-,-,-,-,-,-,"-4,534,000",-,"-5,030,000","-5,030,000","1,229,000","1,503,000","1,503,000",-,"-2,449,000","-17,418,000","14,969,000","-5,610,000","3,078,000","-8,688,000","297,000",-,"297,000",-,-,-,"8,566,000","8,566,000","-209,000","612,000",0,"1,000,000","-1,000,000","612,000","612,000","110,000","688,000","-578,000",-,-,-,"-434,000",-,-,-,"2,609,000","66,000","-31,000","2,574,000",-,"1,011,000","1,764,000",-,"688,000","1,612,000","-1,000,000","-578,000","-3,470,000"
51,10/31/2010,"-1,127,000","-1,127,000","994,000","-125,000","237,000","-45,000","332,000","332,000","185,000","147,000","147,000","320,000","320,000","27,000","404,000","-3,079,000","876,000",-,-,-,-,-,-,-,-,"-3,531,000",-,"348,000","348,000","2,350,000","1,341,000",-,-,"1,137,000","-16,660,000","17,797,000","-5,107,000","4,160,000","-9,267,000","-498,000",-,-,"1,125,000",-,-,"393,000","393,000","6,241,000","123,000","123,000",-,-,-,-,"72,000","612,000","-540,000","32,000",-,"32,000","-438,000",-,"-5,261,000",-,"2,574,000","-386,000","-9,000","2,969,000",-,"334,000","1,128,000","-498,000","612,000",-,-,"-508,000","-1,625,000"
52,7/31/2010,"2,396,000","2,396,000","1,177,000","-169,000",-,"-74,000","288,000","288,000","141,000","147,000","147,000","-224,000","-224,000","43,000","339,000","942,000","-102,000",-,-,-,-,-,-,-,-,"1,230,000",-,"-22,549,000","-22,549,000","-10,716,000","1,566,000",-,-,"-8,405,000","-23,534,000","15,129,000","-4,781,000","4,501,000","-9,282,000","-213,000",-,-,0,-,-,"20,473,000","20,473,000","1,757,000","-3,287,000",0,-,-,-,-,"316,000","1,932,000","-1,616,000",0,-,0,"-437,000",-,-,-,"2,969,000","320,000","20,000","2,629,000",-,"-185,000","1,646,000","-213,000","1,932,000",-,-,"-1,616,000","2,183,000"
53,4/30/2010,"175,000","175,000","1,176,000","-196,000",-,"-61,000","281,000","281,000","132,000","149,000","149,000","-136,000","-136,000","26,000","365,000","-1,341,000","40,000",-,-,-,-,-,-,-,-,"-1,720,000",-,"-6,485,000","-6,485,000","-4,606,000","1,115,000",-,"1,115,000","-5,432,000","-23,167,000","17,735,000","1,572,000","4,600,000","-3,028,000","-33,000","-33,000",-,-,-,-,"6,534,000","6,534,000","5,550,000","3,287,000",0,-,-,-,-,"189,000","253,000","-64,000",0,-,0,"-444,000",-,-,-,"2,629,000","224,000","-76,000","2,481,000",-,"289,000","1,381,000","-33,000","253,000",-,-,"-64,000","142,000"
54,1/31/2010,"1,805,000","1,805,000","1,297,000","-137,000",-,"-55,000","292,000","292,000","143,000","149,000","149,000","138,000","138,000","27,000","517,000","-329,000","-204,000",-,"-339,000","-339,000","-339,000","-339,000",-,-,-,"214,000",-,"-14,099,000","-14,099,000","-4,738,000","-4,055,000",-,"-4,055,000","-3,837,000","-17,417,000","13,580,000","-1,443,000","2,319,000","-3,762,000","-26,000","-26,000",-,-,-,-,"12,379,000","12,379,000","1,460,000",0,0,-,-,-,-,"55,000","56,000","-1,000","-895,000",-,"-895,000","-447,000",-,"1,550,000",-,"2,481,000","85,000","-18,000","2,414,000",-,"479,000","1,710,000","-26,000","56,000",-,-,"-896,000","1,779,000"
55,10/31/2009,"5,000","5,000","878,000","-232,000",-,"-67,000","317,000","317,000","166,000","151,000","151,000","296,000","296,000","63,000","730,000","-2,047,000","148,000",-,"-426,000","-426,000","-426,000","-426,000",-,-,-,"-1,545,000",-,"-16,544,000","-16,544,000","-534,000","-3,621,000",-,"-3,621,000","-88,330,000","-12,280,000","-76,050,000","-44,451,000","6,585,000",-,"-357,000","-357,000",-,"120,749,000",-,-,"16,468,000","16,468,000","8,182,000","-39,000","-39,000",-,"-39,000",-,-,"1,493,000","1,482,000","11,000","115,000","-4,000",-,"-562,000","-562,000","4,686,000","8,000","2,414,000","96,000","8,000","2,477,000","-167,000",-,-,"-357,000","1,478,000",-,"-39,000","130,000","-352,000"
56,7/31/2009,"13,147,000","13,147,000","912,000","-39,000",-,"-84,000","314,000","314,000","156,000","158,000","158,000","-32,000","-32,000","28,000","557,000","11,407,000","-139,000",-,"943,000","943,000","943,000","943,000",-,-,-,"10,603,000",-,"-143,000","-143,000","-805,000","-4,677,000",-,-,"35,451,000","-20,301,000","55,752,000","6,048,000","6,048,000",-,"123,000","123,000",-,"-36,283,000","-36,283,000",-,"-12,812,000","-12,812,000","2,468,000",0,0,-,0,-,-,"-1,343,000","-1,332,000",-,"-50,000","-1,000","-49,000","-403,000","-403,000","-7,000","-152,000","2,477,000","40,000","-152,000","2,437,000","152,000",-,-,-,"-1,333,000",-,0,"-60,000","13,270,000"
57,4/30/2009,"8,782,052","8,782,052","618,348","-121,261",-,-,"309,807","309,807",-,-,-,"40,043","40,043","-2,727,923",-,"9,470,037",-,-,"1,494,505","1,494,505","1,494,505","1,494,505",-,-,-,"7,760,532",-,"-5,575,426","-5,575,426",-,-,-,-,"41,851,678","-32,567,109","74,418,788",-,-,-,"-78,380",-,-,"-35,187,485",-,-,"-3,384,986","-3,384,986",-,"16,490,112",436.578,-,436.578,-,-,"60,548",-,-,"550,502",-,-,"-409,333",-,"-4,793,434",-,"2,437,000","-193,360","-45,728","2,850,295",-,-,-,"-78,380",-,-,436.578,-,"8,703,673"
58,1/31/2009,"2,708,948","2,708,948","711,652","205,261","205,261",-,"312,193","312,193",-,-,-,"31,957","31,957","2,783,923",-,"-1,336,037",-,-,"-308,505","-308,505","-308,505","-308,505",-,-,-,"-1,027,532",-,"-14,348,574","-14,348,574",-,-,-,-,"-5,180,678","-27,182,891","22,002,212",-,-,-,"-507,620",-,-,"-49,278,515",-,"40,618,240","11,941,986","11,941,986",-,"-16,508,112","-18,437",-,"-18,437","-16,489,676",-,"1,370,452",-,-,"882,498",-,-,"-416,667",-,"77,434",-,"2,850,295","302,360","30,728","2,517,207",-,-,-,"-507,620",-,-,"-18,437",-,"2,201,327"
59,10/31/2008,"12,058,728","12,058,728","948,210","245,623","-2,074",-,"291,267","291,267",-,-,-,"738,727","738,727","-719,665",-,"10,554,566",-,-,"-853,049","-853,049","-853,049","-853,049",-,-,-,"11,407,615",-,"-29,593,353","-29,593,353",-,-,-,-,"-38,269,026","-197,410,169","159,141,143",-,-,-,"-263,338",-,-,"43,197",-,"8,895,813","17,134,435","17,134,435",-,"-3,218,619","-1,173,626","-94,983",-,"-2,044,992",-,"47,544",-,-,"218,924",-,-,"-434,788",-,"-235,163",-,"2,516,835","-400,190","176,833","2,783,009","-1,203",-,-,"-263,338",-,"-94,983",-,-,"11,795,390"
60,7/31/2008,"10,978,288","10,978,288","1,062,980","-293,707","-107,292",-,"317,777","317,777",-,-,-,"-577,257","-577,257","2,804,071",-,"7,664,423",-,-,"-492,139","-492,139","-492,139","-492,139",-,-,-,"8,156,562",-,"-18,683,219","-18,683,219",-,-,-,-,"4,968,815","28,068,866","-23,100,051",-,-,-,"-106,424",-,-,"-43,365",-,"-23,502,245","7,909,844","7,909,844",-,"1,941,182","1,119,955","1,119,955",-,"821,227",-,"100,059",-,-,"520,675",-,-,"-341,663",-,"275,257",-,"2,783,009","204,913","15,597","2,519,590","1,005",-,-,"-106,424",-,"1,119,955",-,-,"10,871,864"
61,4/30/2008,"-232,764","-232,764","852,503","-171,882","-110,600",-,"202,052","202,052",-,-,-,"-335,373","-335,373","3,384,808",-,"-4,164,872",-,-,"-513,963","-513,963","-513,963","-513,963",-,-,-,"-3,650,909",-,"-11,237,532","-11,237,532",-,-,-,-,"-43,240,881","-97,626,584","54,385,703",-,-,-,"-84,435",-,-,"35,934,683",-,"-3,846,899","11,949,611","11,949,611",-,"-4,418,297","499,799","499,799",-,"-4,918,096",-,"17,093",-,-,"247,404",-,-,"-462,365",-,"-3,014",-,"2,519,590","479,315","5,061","2,036,145","-1,005",-,-,"-84,435",-,"499,799",-,-,"-317,199"
62,1/31/2008,"-2,822,289","-2,822,289","969,880","-151,606","-151,606",-,"203,815","203,815",-,-,-,"282,129","282,129","-4,603,414",-,"476,908",-,-,"-997,992","-997,992","-997,992","-997,992",-,-,-,"1,474,900",-,"-11,398,594","-11,398,594",-,-,-,-,"23,378,514","-15,836,345","39,214,859",-,-,-,"-77,309",-,-,"-37,693,775",-,"2,993,976","14,404,618","14,404,618",-,"5,045,181","2,500,000","2,500,000",-,"2,545,181",-,"24,096",-,-,"442,771",-,-,"-396,586",-,"-1,004",0.001,"2,036,145","183,735","62,249","1,790,161",-0.001,-,-,"-77,309",-,"2,500,000",-,-,"-2,899,598"
63,10/31/2007,"794,039","794,039","1,094,004","-88,230","-201,104",-,"237,909","237,909",-,-,-,"148,228","148,228","149,935",-,"-747,807",-,-,"376,042","376,042","376,042","376,042",-,-,-,"-1,123,848",-,"-6,147,145","-6,147,145",-,-,-,-,"1,307,798","-6,475,521","7,783,319",-,-,-,"-98,016",-,-,388.024,-,"-7,357,315","5,273,158","5,273,158",-,"-2,842,430","1,667,385","4,263","1,663,123","-4,509,815",-,"54,689",-,-,-,-,-,"-391,496",-,"-204,670",945.985,"1,789,802","-79,002","-116,916","1,985,944",-,-,-,"-98,016",-,"4,263","1,663,123",-,"696,023"
64,7/31/2007,"-2,851,422","-2,851,422","1,102,446","-122,847","-94,277",-,"218,056","218,056",-,-,-,"-263,565","-263,565","2,094,045",-,"-5,879,559",-,-,"288,578","288,578","288,578","288,578",-,-,-,"-6,168,137",-,"-1,282,043","-1,282,043",-,-,-,-,"8,056,281","-19,808,172","27,864,452",-,-,-,"-5,094",-,-,-411.529,-,"-9,332,819","4,166,965","4,166,965",-,"7,198,440","-1,616,177","1,791,340",-,"8,814,617",-,"22,314",-,-,-,-,-,"-360,645",-,"-266,435",-,"1,985,944","33,499","-40,996","1,994,454","-1,109",-,-,"-5,094",-,"1,791,340",-,-,"-2,856,516"
65,4/30/2007,"10,359,016","10,359,016","879,698","-185,693","-101,389",-,"204,998","204,998",-,-,-,"188,913","188,913","-87,364",-,"9,358,463",-,-,"250,948","250,948","250,948","250,948",-,-,-,"9,107,515",-,"-172,499","-172,499",-,-,-,-,"-30,275,254","-20,975,094","-9,300,159",-,-,-,"-122,111",-,-,"35,783,741",-,"-5,558,876","-10,241,046","-10,241,046",-,"-10,349,019","-1,928,645","-1,935,700",-,"-8,420,373",-,"17,484",-,-,-,-,-,"-368,375",-,"-16,038",-,"1,994,454","-55,706","-63,870","2,112,875","1,109",-,-,"-122,111",-,"-1,935,700",-,-,"10,236,905"
66,1/31/2007,"-4,248,089","-4,248,089","920,635","-70,547","-70,547",-,"199,882","199,882",-,-,-,"170,488","170,488","-2,612,581",-,"-2,855,967",-,-,"-357,437","-357,437","-357,437","-357,437",-,-,-,"-2,498,530",-,"-6,264,550","-6,264,550",-,-,-,-,"30,630,218","-49,587,302","80,217,519",-,-,-,"-96,414",-,-,"-39,922,399",-,"3,124,045","10,554,968","10,554,968",-,"3,326,279","4,209,289","4,216,343","-7,055","-883,010",-,"63,492",-,-,-,-,-,"-331,570",-,"48,207","1,176","2,112,875","43,504","50,558","2,018,812",0.001,-,-,"-96,414",-,"4,216,343","-7,055",-,"-4,344,503"
67,10/31/2006,"499,217","499,217","762,456","1,544,585","-14,243",-,"223,694","223,694",-,-,-,"-75,660","-75,660","1,334,223",-,"-3,290,082",-,-,"-14,309","-14,309","-14,309","-14,309",-,-,-,"-3,275,773",-,"-7,121,621","-7,121,621",-,-,-,-,"-15,589,534","-171,838,811","156,249,277",-,-,-,"-94,295",-,-,"-12,836",-,"8,575,044","6,689,317","6,689,317",-,"2,213,499","21,406",-370.262,"21,776","2,192,093",-,"98,688",-,-,"-1,387",-,-,"-252,423",-,-,-,"2,019,522","66,912","-6,450","1,958,366",-,-,-,"-94,295",-,-370.262,"21,776",-,"404,922"
68,7/31/2006,"-2,379,421","-2,379,421","796,386","-1,744,811","-185,811",-,"209,187","209,187",-,-,-,-,-,"-1,357,821",-,"-341,193",-,-,-,-,-,-,-,-,-,-,-,"-5,337,708",-,-,-,-,-,-,-,-,-,-,-,-,-,-,-,-,-,"12,542,143",-,-,-,-,-,-,-,-,-,-,-,-,-,-,-,-,-,-,"1,958,366","4,825,014",-,"-4,505,973",-,-,-,-,-,-,-,-,"-2,778,788"
69,4/30/2006,"3,247,782","3,247,782","737,992","-82,188","-82,188",-,"202,527","202,527",-,-,-,-,-,"-222,838",-,"2,781,838",-,-,-,-,-,-,-,-,-,-,-,"1,110,605",-,-,-,-,-,-,-,-,-,-,-,-,-,-,-,-,-,"-9,393,491",-,-,-,-,-,-,-,-,-,-,-,-,-,-,-,-,-,-,"-4,505,973","-5,033,966",-,"2,157,487",-,-,-,-,-,-,-,-,"3,322,885"
70,1/31/2006,"-7,753,755","-7,753,755","2,306,554","-22,758","-22,758",-,"212,790","212,790",-,-,-,"169,549","169,549","-1,148,157",-,"-9,271,734",-,-,"-46,655","-46,655","-46,655","-46,655",-,-,-,"-9,225,080",-,"-1,110,605","-1,110,605",-,-,-,-,"512,062","-11,087,847","11,599,909",-,-,-,"-75,102",-,-,"-819,299",-,"-728,266","9,393,491","9,393,491",-,"4,130,633","1,649,977","1,800,182","-150,205","2,480,655",-,"142,239",-,-,"424,442",-,-,"-304,961",-,"1,138","-1,138","2,157,487","527,993","-43,241","1,672,736",0.001,-,-,"-75,102",-,"1,800,182","-150,205",-,"-7,828,858"
71,10/31/2005,"6,493,329","6,493,329","589,782","-242,025","-75,535",-,"229,938","229,938",-,-,-,"-154,425","-154,425","-27,195,548",-,"33,265,607",-,-,"241,127","241,127","241,127","241,127",-,-,-,"33,024,480",-,"-2,795,941","-2,795,941",-,-,-,-,"-61,995,068","-84,102,800","22,107,732",-,-,-,"-121,747",-,-,-,-,"61,505,312","-4,180,981","-4,180,981",-,"116,596","-1,164,595","267,949","-1,432,544","1,281,191",-,"500,256",-,-,-,-,-,"-298,563",-,"-41,938","2,405","1,673,161","-481,188","-17,319","2,172,156",-,-,-,"-121,747",-,"267,949","-1,432,544",-,"6,371,582"
72,7/31/2005,"2,542,773","2,542,773","410,306","-67,028","-67,028",-,"234,910","234,910",-,-,-,"-263,957","-263,957","-3,947,427",-,"6,175,968",-,-,"29,496","29,496","29,496","29,496",-,-,-,"6,146,472",-,"-8,574,980","-8,574,980",-,-,-,-,"53,260,157","-5,571,960","58,832,117",-,-,-,"-152,766",-,-,-,-,"-61,682,371","6,449,455","6,449,455",-,"3,704,123","-3,695","-1,329","-2,366","3,707,818",-,"-259,761",-,-,-,-,-,"-283,186",-,"13,364",-,"2,172,156","416,023","-41,247","1,797,229",-,-,-,"-152,766",-,"-1,329","-2,366",-,"2,390,007"
73,4/30/2005,"4,206,091","4,206,091","599,103","-47,400","-47,400",-,"207,042","207,042",-,-,-,"205,806","205,806","-102,579",-,"3,344,120",-,-,"-109,492","-109,492","-109,492","-109,492",-,-,-,"3,453,612",-,"1,893,403","1,893,403",-,-,-,-,"3,853,136","-2,163,013","6,016,149",-,-,-,-,-,-,-,-,"-1,420,691","-6,046,870","-6,046,870",-,"-3,558,327","-750,592","-1,183","-749,408","-2,807,735",-,"155,425",-,-,-,-,-,"-280,699",-,"3,778",-,"1,797,229","52,624","15,342","1,729,099",-,-,-,-,-,"-1,183","-749,408",-,"3,667,048"
74,1/31/2005,"-7,980,650","-7,980,650","630,117","-52,096","-52,096",-,"195,981","195,981",-,-,-,"-48,375","-48,375","537,088",-,"-9,243,364",-,-,"-158,770","-158,770","-158,770","-158,770",-,-,-,"-9,084,594",-,"-10,871,992","-10,871,992",-,-,-,-,"-7,754,900","-14,461,672","6,706,773",-,-,-,-,-,-,-,-,"-3,117,093","19,162,739","19,162,739",-,"4,564,624","2,481","4,962","-2,481","4,562,143",-,"115,356",-,-,-,-,-,"-235,674",-,-0.001,0.001,"1,729,099","310,097","14,885","1,404,118",-,-,-,-,-,"4,962","-2,481",-,"-7,980,650"
75,10/31/2004,"1,411,123","1,411,123","612,475","-43,712",-,-,"225,896","225,896",-,-,-,"277,053","277,053","12,329,028",-,"-11,989,617",-,-,"230,522","230,522","230,522","230,522",-,-,-,"-12,220,140",-,"5,768,374","5,768,374",-,-,-,-,"-46,892,604","-450,519","-46,442,085",-,-,-,"-192,629",-,-,-,-,"52,853,607","-7,591,650","-7,591,650",-,"-2,795,343","35,237","-4,215","39,451","-2,830,580",-,"128,459",-,-,-,-,-,"-252,155",-,-,-,"1,404,535","-413,484","-18,511","1,836,327",-,-,-,"-192,629",-,"-4,215","39,451",-,"1,218,494"
76,7/31/2004,"-395,499","-395,499","584,541","-43,495","-43,495",-,"221,554","221,554",-,-,-,"-76,363","-76,363","-13,141,465",-,"12,059,728",-,-,"117,769","117,769","117,769","117,769",-,-,-,"11,941,959",-,"527,223","527,223",-,-,-,-,"55,135,706","-7,834,306","62,970,013",-,-,-,"60,777",-,-,-,-,"-54,669,261","197,230","197,230",-,"804,805","-59,214",-,"-65,867","864,019",-,"-338,054",-,-,-,-,-,"-241,474",-,-,"1,331","1,836,327","330,284","-8,308","1,515,152",-,-,-,-,-,-,"-65,867",-,"-334,722"
77,4/30/2004,"6,899,739","6,899,739","509,902","4,149,364","-59,212",-,"234,835","234,835",-,-,-,"-50,174","-50,174","362,615",-,"1,693,196",-,-,"-248,459","-248,459","-248,459","-248,459",-,-,-,"1,941,655",-,"-5,322,157","-5,322,157",-,-,-,-,"-2,035,064","-6,558,021","4,522,957",-,-,-,"-64,827",-,-,-,-,"-3,222,266","-1,838,384","-1,838,384",-,"-7,379,114","32,892",-,"32,892","-7,412,006",-,-,-,-,-,-,-,"-244,147",-,"2,695",-,"1,515,152","-260,803","6,999","1,769,455","-1,323",-,-,"-64,827",-,-,"32,892",-,"6,834,911"
78,1/31/2004,"-16,844,891","-16,844,891","603,494","-4,253,573","-44,997",-,"238,221","238,221",-,-,-,"-22,499","-22,499","169,402",-,"-13,579,936",-,-,"-539,968","-539,968","-539,968","-539,968",-,-,-,"-13,039,968",-,"-18,876,390","-18,876,390",-,-,-,-,"-17,040,762","-20,447,327","3,406,564",-,-,-,"-10,588",-,-,-,-,"-1,825,040","36,017,734","36,017,734",-,"13,513,764","-190,577",-,"-190,577","13,704,341",-,-,-,-,-,-,-,"-230,281",-,"-1,323",-,"1,769,455","296,453","3,970","1,467,708","1,323",-,-,"-10,588",-,-,"-190,577",-,"-16,855,479"
79,10/31/2003,"10,705,280","10,705,280","500,521",-,-,-,"265,942","265,942",-,-,-,"80,949","80,949","9,890,111",-,"-9,826",-,-,"66,293","66,293","66,293","66,293",-,-,-,"-76,119",-,"14,827,146","14,827,146",-,-,-,-,"12,775,628","2,554,981","10,220,648",-,-,-,"-64,954",-,-,-,-,"2,116,472","-25,467,918","-25,467,918",-,"-9,567,110","744,919","999,390","-254,471","-10,312,029",-,"101,121",-,-,-324.952,-,-,"-230,604",-,"-22,330","-1,319","1,467,757","63,189",-,"1,547,988",-,-,-,"-64,954",-,"999,390","-254,471",-,"10,640,325"
80,7/31/2003,"1,108,815","1,108,815","501,103",-,-,-,"266,156","266,156",-,-,-,"-1,569","-1,569","-9,317,592",-,"9,679,334",-,-,"188,446","188,446","188,446","188,446",-,-,-,"9,490,888",-,"19,715,098","19,715,098",-,-,-,-,"18,202,230","13,593,976","4,608,254",-,-,-,-,-,-,-,-,"1,549,457","-20,635,796","-20,635,796",-,"-7,052,350","882,383","903,437","-21,054","-7,934,733",-,"-173,261",-,-,332.317,-,-,"-204,049",-,-,"1,432","1,547,988","189,549",-,"1,357,583",-,-,-,-,-,"903,437","-21,054",-,"1,072,226"
81,4/30/2003,"2,713,018","2,713,018","-272,249","23,179","23,179",-,"272,611","272,611",-,-,-,"-31,575","-31,575","4,175,445",-,"-1,454,393",-,-,"175,115","175,115","175,115","175,115",-,-,-,"-1,629,508",-,"-15,381,453","-15,381,453",-,-,-,-,"-17,196,453","-25,108,673","7,912,220",-,-,-,-,-,-,-,-,"1,815,000","12,454,155","12,454,155",-,"6,655,048","-57,207",-88.632,"-57,119","6,712,255",-,"-143,074",-,-,-,-,-,"-202,931",-,-,-,"1,357,583","-215,712",-,"1,572,384",-,-,-,-,-,-88.632,"-57,119",-,"2,713,018"
82,1/31/2003,"-9,373,479","-9,373,479","346,715","-4,562","-4,562",-,"285,888","285,888",-,-,-,"-121,655","-121,655","-1,811,131",-,"-8,068,735",-,-,"238,747","238,747","238,747","238,747",-,-,-,"-8,307,482",-,"-16,858,273","-16,858,273",-,-,-,-,"-14,145,377","-20,653,893","6,508,516",-,-,-,-,-,-,-,-,"-2,712,895","25,903,285","25,903,285",-,"8,987,226","-25,852","1,521","-27,372","9,013,078",-,"71,472",-,-,-,-,-,"-203,771",-,0.002,-,"1,572,384","-328,467",-,"1,902,372","-1,521",-,-,-,-,"1,521","-27,372",-,"-9,373,479"
83,10/31/2002,"14,233,919","14,233,919","-198,256","13,109",-,-,"309,177","309,177",-,-,-,"-508,820","-508,820","14,276,548",-,"342,161",-,-,"469,332","469,332","469,332","469,332",-,-,-,"-127,171",-,"20,359,184","20,359,184",-,-,-,-,"17,886,818","1,880,458","16,006,360",-,-,-,"-45,615",-,-,"-100,484",-,"2,618,465","-34,365,674","-34,365,674",-,"-14,786,168","264,065","551,298","-287,233","-15,050,233",-,"410,949",-,-,-,-,-,"-200,439",-,"-2,034,838",0.002,"1,901,869","227,429",-,"1,673,793",-,-,-,"-45,615",-,"551,298","-287,233",-,"14,188,303"
84,7/31/2002,"1,607,535","1,607,535","-406,530","9,024","9,024",-,"323,357","323,357",-,-,-,"-254,276","-254,276","-1,587,741",-,"3,523,699",-,-,"-104,069","-104,069","-104,069","-104,069",-,-,-,"3,627,768",-,"-2,651,209","-2,651,209",-,-,-,-,"1,799,041","-347,659","2,146,701",-,-,-,-,-,-,"30,133",-,"-4,412,291","807,235","807,235",-,"-4,952,103","3,079","4,766","-1,687","-4,955,182",-,"54,968",-,-,-,-,-,"-201,867",-,"2,037,974","-1,568","1,673,793","-238,007",-,"1,911,557",-,-,-,-,-,"4,766","-1,687",-,"1,539,443"
85,4/30/2002,"5,113,613","5,113,613","153,046","11,581","11,581",-,"332,115","332,115",-,-,-,"-125,731","-125,731","8,348,470",-,"-3,605,868",-,-,"-5,160","-5,160","-5,160","-5,160",-,-,-,"-3,600,708",-,"3,290,784","3,290,784",-,-,-,-,"3,174,350","-1,133,886","4,308,236",-,-,-,-,-,-,"-413,122",-,"529,556","-7,954,023","-7,954,023",-,"-4,640,445","-338,637",-15.897,"-338,621","-4,301,809",-,"47,838",-,-,-,-,-,"-200,286",-,31.795,-,"1,911,557","451,942",-,"1,460,478","-1,568",-,-,-,-,-15.897,"-338,621",-,"5,113,613"
86,1/31/2002,"-7,023,602","-7,023,602","375,416","-60,193","-60,193",-,"345,319","345,319",-,-,-,"-128,307","-128,307","-7,003,010",-,"-552,827",-,-,"-110,882","-110,882","-110,882","-110,882",-,-,-,"-441,945",-,"-19,458,261","-19,458,261",-,-,-,-,"-13,481,704","-17,018,850","3,537,146",-,-,-,-,-,-,"-711,231",-,"-5,265,326","25,981,308","25,981,308",-,"13,470,616","-476,794","1,584","-478,378","13,947,410",-,"389,672",-,-,-,-,-,"-199,588",-,"-3,168",-,"1,460,478","-500,554",-,"1,961,033",0.001,-,-,-,-,"1,584","-478,378",-,"-7,023,602"
87,10/31/2001,"9,468,657","9,468,657","224,828","-136,328","-136,328",-,"423,858","423,858",-,-,-,"-233,797","-233,797","7,531,129",-,"1,658,968",-,-,-,-,-,-,-,-,-,-,-,"4,366,930","4,366,930",-,-,-,-,"3,595,945","504,973","3,090,972",-,-,-,-,-,-,-142.203,-,"1,364,399","-13,522,944","-13,522,944",-,"7,366,647","-830,465","5,114","-835,579",-,-,"-3,870",-,-,590.412,-,-,"-197,738",-,"-17,235,474","1,587","1,961,593","314,230",-,"1,648,318",-,-,-,-,-,"5,114","-835,579",-,"9,468,657"
88,7/31/2001,"-1,464,921","-1,464,921","340,539","-25,764","-25,764",-,"440,917","440,917",-,-,-,"-137,083","-137,083","-667,446",-,"-1,416,084",-,-,-,-,-,-,-,-,-,-,-,"-5,199,637","-5,199,637",-,-,-,-,"-2,369,584","-5,584,869","3,215,285",-,-,-,-,-,-,-260.165,-,"-3,423,065","6,542,705","6,542,705",-,"-9,429,957","769,675","799,674","-30,000",-,-,"-30,634",-,-,-966.459,-,-,"-195,650",-,"17,258,508",-,"1,648,318","-121,854",-,"1,769,042",-,-,-,-,-,"799,674","-30,000",-,"-1,464,921"
89,4/30/2001,"-5,805,872","-5,805,872","379,238","-13,273","-13,273",-,"472,181","472,181",-,-,-,"-288,310","-288,310","-5,543,822",-,"-811,886",-,-,"-248,800","-248,800","-248,800","-248,800",-,-,-,"-563,086",-,"3,087,322","3,087,322",-,-,-,-,"-920,423","-4,493,105","3,572,683",-,-,-,-,-,-,"-1,068",-,"4,008,812","2,887,837","2,887,837",-,"-711,423","-401,386",-,"-405,993","-310,037",-,"4,790",-,-,883.256,-,-,"-197,771",-,"3,948",-,"1,769,042","169,287",-,"1,599,460",-,-,-,-,-,-,"-405,993",-,"-5,805,872"
90,1/31/2001,"-7,030,430","-7,030,430","437,715","-40,474","-40,474",-,"470,694","470,694",-,-,-,"-550,142","-550,142","-9,631,240",-,"2,283,016",-,-,"313,296","313,296","313,296","313,296",-,-,-,"1,969,720",-,"-12,172,088","-12,172,088",-,-,-,-,"-9,898,066","-11,755,359","1,857,293",-,-,-,-,-,-,"-295,308",-,"-1,978,714","19,280,468","19,280,468",-,"10,422,725","-86,943",-,"-86,943","10,509,669",-,"7,495",-,-,"224,854",-,-,"-175,386",-,"-26,982",-,"1,599,460","77,949",-,"1,521,511",-,-,-,-,-,-,"-86,943",-,"-7,030,430"
91,10/31/2000,"2,182,255","2,182,255","255,060",-,-,-,-,-,-,-,-,-,-,"9,280,225",-,-,-,-,-,-,-,-,-,-,-,-,-,"10,825,761","10,825,761",-,-,-,-,"8,899,232","-69,588,292","78,487,524",-,-,-,-,-,-,-162.079,-,"2,120,112","-13,254,838","-13,254,838",-,"-6,000,529","-265,454","-260,885",-,"-5,735,075",-,-,-,-,-,-,-,"-171,173",-,"-127,326",-,"1,521,474","-248,309",-,"1,770,214",-,-,-,-,-,"-260,885",-,-,"1,988,834"
92,7/31/2000,"-570,834","-570,834","282,654",-,-,-,-,-,-,-,-,-,-,"-853,487",-,-,-,-,-,-,-,-,-,-,-,-,-,"-6,123,410","-6,123,410",-,-,-,-,"-5,644,696",-,"-5,479,713",-,-,-,-,-,-,-297.617,-,"-478,417","6,369,498","6,369,498",-,"4,992,771","516,819","516,819",-,"4,475,952",-,-,-,-,-,-,-,"-171,942",-,"-39,352",-,"1,770,214","-323,260",-,"2,092,713",-,-,-,-,-,"516,819",-,-,"-570,834"
93,4/30/2000,"-488,685","-488,685","41,227",-,-,-,-,-,-,-,-,-,-,"-529,912",-,-,-,-,-,-,-,-,-,-,-,-,-,"13,089,260","13,089,260",-,-,-,-,"17,278,731",-,"13,844,703",-,-,-,-,-,-,-,-,"2,977,294","-12,473,157","-12,473,157",-,"-6,062,006","1,036,465","1,036,465",-,"-7,098,470",-,-,-,-,-,-,-,"-142,288",-,"1,063,548",-,"2,092,713","127,418",-,"1,966,001",-,-,-,-,-,"1,036,465",-,-,"-488,685"
94,1/31/2000,"-7,035,012","-7,035,012","446,036",-,-,-,-,-,-,-,-,-,-,"-7,481,047",-,-,-,-,-,-,-,-,-,-,-,-,-,"-10,101,997","-10,101,997",-,-,-,-,"-2,175,058","-3,434,028","1,258,970",-,-,-,-,-,-,-,-,"-7,926,939","17,639,034","17,639,034",-,"702,112","95,052","95,052",-,"607,060",-,-,-,-,-,-,-,"-142,072",-,"-12,008",-,"1,966,001","502,025",-,"1,463,976",-,-,-,-,-,"95,052",-,-,"-7,035,012"
95,10/31/1999,"2,652,899","2,652,899","848,009",-,-,-,-,-,-,-,-,-,-,"2,326,002",-,-,-,-,-,-,-,-,-,-,-,-,-,"6,290,928","6,290,928",-,-,-,-,"-541,007","-40,622,954",-,-,-,-,-,-,-,-,-,"7,104,997","-9,569,138","-9,569,138",-,"-7,890,831","-173,957",-,"-228,982","-7,716,873",-,-,-,-,-,-,-,"-127,916",-,"1,063,530",297.59,"1,464,028","-625,014",-,"2,069,064",-,-,-,-,-,-,"-228,982",-,"2,379,837"
96,7/31/1999,"-4,609,999","-4,609,999","1,473,056",-,-,-,-,-,-,-,-,-,-,"-6,083,055",-,-,-,-,-,-,-,-,-,-,-,-,-,"-8,536,965","-8,536,965",-,-,-,-,"-8,667,044","-8,667,044",-,-,-,-,-,-,-,-,-,"130,079","13,549,069","13,549,069",-,"10,909,904","148,954",-,"148,954","10,760,950",-,-,-,-,-,-,-,"-124,105",-,"372,373",-4.588,"2,069,064","402,101",-,0,-,-,-,-,-,-,"148,954",-,"-4,609,999"
97,4/30/1999,"1,962,994","1,962,994","347,976",-,-,-,-,-,-,-,-,-,-,"1,615,018",-,-,-,-,-,-,-,-,-,-,-,-,-,"1,575,963","1,575,963",-,-,-,-,"-6,854,009","-6,854,009",-,-,-,-,-,-,-,-,-,"8,429,971","-4,505,977","-4,505,977",-,"-1,243,977","-154,009",-,"-154,009","-1,089,968",-,-,-,-,-,-,-,"-111,974",-,"20,963",5.202,0,"-967,016",-,0,"967,082",-,-,-,-,-,"-154,009",-,"1,962,994"
98,1/31/1999,"-9,814,927","-9,814,927","311,981",-,-,-,-,-,-,-,-,-,-,"-10,126,907",-,-,-,-,-,-,-,-,-,-,-,-,-,"-23,339,931","-23,339,931",-,-,-,-,"-4,854,963","-4,854,963",-,-,-,-,-,-,-,-,-,"-18,484,968","34,429,974","34,429,974",-,"10,823,992","-51,972",-,"-51,972","10,875,963",-,-,-,-,-,-,-,"-111,950",-,"-41,094",-151.08,0,"1,274,966",-,"1,379,060","-2,654,026",-,-,-,-,-,"-51,972",-,"-9,814,927"
99,10/31/1998,"9,362,037","9,362,037","233,931",-,-,-,-,-,-,-,-,-,-,"9,678,191",-,-,-,-,-,-,-,-,-,-,-,-,-,"26,551,027","26,551,027",-,-,-,-,"24,692,823","-37,189,103",-,-,-,-,-,-,-,-,-,"2,200,231","-35,907,115","-35,907,115",-,"-19,392,992","-275,044","-275,044",-,"-19,117,948",-,-,-,-,-,-,-,"-112,989",-,"10,887",151.17,0,"6,100",-,0,"-689,124",-,-,-,-,"-275,044",-,-,"9,020,009"
100,7/31/1998,"-15,139,005","-15,139,005","287,075",-,-,-,-,-,-,-,-,-,-,"-15,426,080",-,-,-,-,-,-,-,-,-,-,-,-,-,"-3,681,019","-3,681,019",-,-,-,-,"-5,323,956","-5,323,956",-,-,-,-,-,-,-,-,-,"1,642,937","18,937,997","18,937,997",-,"9,348,990","133,019","133,019",-,"9,215,971",-,-,-,-,-,-,-,"-112,937",-,"31,895",-8.007,0,"117,965",-,0,"-118,007",-,-,-,-,"133,019",-,-,"-15,139,005"
101,4/30/1998,"-7,803,040","-7,803,040","307,005",-,-,-,-,-,-,-,-,-,-,"-8,110,044",-,-,-,-,-,-,-,-,-,-,-,-,-,"-4,787,893","-4,787,893",-,-,-,-,"-3,899,990","-3,899,990",-,-,-,-,-,-,-,-,-,"-887,903","12,634,983","12,634,983",-,"3,106,885","-42,071","-42,071",-,"3,148,956",-,-,-,-,-,-,-,"-105,009",-,"44,137",-,0,"43,908",-,0,"-43,907",-,-,-,-,"-42,071",-,-,"-7,803,040"
102,1/31/1998,"-3,192,952","-3,192,952","292,995",-,-,-,-,-,-,-,-,-,-,"-3,485,947",-,-,-,-,-,-,-,-,-,-,-,-,-,"-7,920,052","-7,920,052",-,-,-,-,"-3,953,983","-3,953,983",-,-,-,-,-,-,-,-,-,"-3,966,070","11,124,072","11,124,072",-,"3,800,058","431,047","431,047",-,"3,369,011",-,-,-,-,-,-,-,"-106,014",-,"-27,960",-,0,"11,067",-,"516,965","-528,033",-,-,-,-,"431,047",-,-,"-3,192,952"
103,10/31/1997,"-1,293,941","-1,293,941","288,981",-,-,-,-,-,-,-,-,-,-,"-1,532,788",-,-,-,-,-,-,-,-,-,-,-,-,-,"-3,554,072","-3,554,072",-,-,-,-,"12,084,925","-6,701,021",-,-,-,-,-,-,-,-,-,"-15,483,948","4,769,046","4,769,046",-,"-8,700,947","103,051","618,048",-,-,-,-,-,-,-,-,-,"-91,022",-,"6,994,186",-,0,"-78,966",-,0,"78,892",-,-,-,-,"618,048",-,-,"-1,448,990"
104,7/31/1997,"-1,154,087","-1,154,087","294,986",-,-,-,-,-,-,-,-,-,-,"-1,449,073",-,-,-,-,-,-,-,-,-,-,-,-,-,"-2,684,936","-2,684,936",-,-,-,-,"-727,063","-727,063",-,-,-,-,-,-,-,-,-,"-1,957,873","3,885,076","3,885,076",-,"8,555,096","-248,901","-248,901",-,-,-,-,-,-,-,-,-,"-90,956",-,"-9,702,188",-,0,"46,053",-,0,"-46,017",-,-,-,-,"-248,901",-,-,"-1,154,087"
105,4/30/1997,"-4,926,915","-4,926,915","239,997",-,-,-,-,-,-,-,-,-,-,"-5,166,912",-,-,-,-,-,-,-,-,-,-,-,-,-,"-11,809,015",-,-,-,-,-,-,-,-,-,-,-,-,-,-,-,-,-,"16,566,971",-,-,-,-,-,-,-,-,-,-,-,-,-,-,-,-,-,-134.789,0,"-169,093",-,0,"169,114",-,-,-,-,-,-,-,"-4,926,915"
106,1/31/1997,"-687,020","-687,020","264,052",-,-,-,-,-,-,-,-,-,-,"-951,072",-,-,-,-,-,-,-,-,-,-,-,-,-,"-4,522,038",-,-,-,-,-,-,-,-,-,-,-,-,-,-,-,-,-,"5,021,971",-,-,-,-,-,-,-,-,-,-,-,-,-,-,-,-,-,134.79,0,"-186,952",-,"906,052","-719,100",-,-,-,-,-,-,-,"-687,020"
107,10/31/1996,"-1,417,953","-1,417,953","249,008",-,-,-,-,-,-,-,-,-,-,"-1,647,028",-,-,-,-,-,-,-,-,-,-,-,-,-,"-2,912,086",-,-,-,-,-,-,-,-,-,-,-,-,-,-,-,-,-,"4,593,990",-,-,-,-,-,-,-,-,-,-,-,-,-,-,-,-,-,-,0,"264,085",-,0,"-264,064",-,-,-,-,-,-,-,"-2,298,889"
108,7/31/1996,"-455,023","-455,023","223,039",-,-,-,-,-,-,-,-,-,-,"-678,062",-,-,-,-,-,-,-,-,-,-,-,-,-,"-3,705,952",-,-,-,-,-,-,-,-,-,-,-,-,-,-,-,-,-,"4,129,918",-,-,-,-,-,-,-,-,-,-,-,-,-,-,-,-,-,-,0,"-31,057",-,0,"30,952",-,-,-,-,-,-,-,"-455,023"
109,4/30/1996,"501,010","501,010","219,971",-,-,-,-,-,-,-,-,-,-,"281,040",-,-,-,-,-,-,-,-,-,-,-,-,-,"-8,078,007",-,-,-,-,-,-,-,-,-,-,-,-,-,-,-,-,-,"7,524,063",-,-,-,-,-,-,-,-,-,-,-,-,-,-,-,-,-,-137.438,0,"-53,071",-,0,"53,111",-,-,-,-,-,-,-,"501,010"
110,1/31/1996,"348,955","348,955","221,963",-,-,-,-,-,-,-,-,-,-,"126,993",-,-,-,-,-,-,-,-,-,-,-,-,-,"2,869,021",-,-,-,-,-,-,-,-,-,-,-,-,-,-,-,-,-,"-3,018,004",-,-,-,-,-,-,-,-,-,-,-,-,-,-,-,-,-,137.439,0,"200,110",-,"525,976","-726,086",-,-,-,-,-,-,-,"348,955"
111,10/31/1995,"667,751","667,751","224,870",-,-,-,-,-,-,-,-,-,-,"93,396",-,-,-,-,-,-,-,-,-,-,-,-,-,"-4,048,810",-,-,-,-,-,-,-,-,-,-,-,-,-,-,-,-,-,"3,337,265",-,-,-,-,-,-,-,-,-,-,-,-,-,-,-,-,-,-,0,"-43,794",-,"567,645",-,-,-,-,-,-,-,-,"488,524"
112,7/31/1995,"339,091","339,091","223,860",-,-,-,-,-,-,-,-,-,-,"115,231",-,-,-,-,-,-,-,-,-,-,-,-,-,"-1,967,391",-,-,-,-,-,-,-,-,-,-,-,-,-,-,-,-,-,"1,878,475",-,-,-,-,-,-,-,-,-,-,-,-,-,-,-,-,-,-,"567,645","250,175",-,"317,878",-,-,-,-,-,-,-,-,"339,091"
113,4/30/1995,"742,425","742,425","163,539",-,-,-,-,-,-,-,-,-,-,"578,886",-,-,-,-,-,-,-,-,-,-,-,-,-,"-309,239",-,-,-,-,-,-,-,-,-,-,-,-,-,-,-,-,-,"-441,377",-,-,-,-,-,-,-,-,-,-,-,-,-,-,-,-,-,-0.002,"317,878","-8,191",-,"325,637",-,-,-,-,-,-,-,-,"742,425"
114,1/31/1995,"70,704","70,704","178,254",-,-,-,-,-,-,-,-,-,-,"-107,550",-,-,-,-,-,-,-,-,-,-,-,-,-,"-2,034,485",-,-,-,-,-,-,-,-,-,-,-,-,-,-,-,-,-,"1,627,190",-,-,-,-,-,-,-,-,-,-,-,-,-,-,-,-,-,0.001,"325,637","-336,591",-,"662,228",-,-,-,-,-,-,-,-,"70,704"
